BookkeepingNumber;Status;Date;ValueDate;Name;PartyName;PartyIBAN;Description;RemittanceInfo;Amount;CreditDebit;IsDebit;Debit;Credit;Currency;AmountExclTax;AmountTax;TaxRate;Recipient;InvestmentType;Number;Category;Type;Fund;NumberOfShares;Fees;IBAN;EntryReference;Reference;AccountServicer;BankTxCode;OriginalCurrency;OriginalAmount;ExchangeRate
;COMPLETED;21.12.2022;21.12.2022;;;;cash_transfer;;2500.00;CRDT;false;0.00;2500.00;CHF;0.00;0.00;0.00;;Income;fc3bdaa4-c5f4-441a-a76c-2c3104d27643;Revenus Financiers;;;0;0.00;;;;;;;0.00;0.00
;COMPLETED;21.12.2022;21.12.2022;;;;trade;;-108.28;DBIT;true;-108.28;0.00;CHF;0.00;0.00;0.00;;Buy;d7de69ce-973d-490e-9740-d544e579b51e;Investissements;;CH0106027193;2;-0.08;;;;;;;0.00;0.00
;COMPLETED;21.12.2022;21.12.2022;;;;trade;;-218.58;DBIT;true;-218.58;0.00;CHF;0.00;0.00;0.00;;Buy;866dfa74-4e3c-40ca-a976-904c89844c2d;Investissements;;IE00B52VJ196;4;-0.33;;;;;;;0.00;0.00
;COMPLETED;21.12.2022;21.12.2022;;;;trade;;-297.30;DBIT;true;-297.30;0.00;CHF;0.00;0.00;0.00;;Buy;e32f44be-8895-4f84-9617-ea5c27e6e327;Investissements;;IE000H3AH951;3;0.00;;;;;;;0.00;0.00
;COMPLETED;21.12.2022;21.12.2022;;;;trade;;-586.29;DBIT;true;-586.29;0.00;CHF;0.00;0.00;0.00;;Buy;592c4365-5f8c-40d9-b37c-b410be8f9277;Investissements;;IE00BYVJRR92;55;-0.88;;;;;;;0.00;0.00
;COMPLETED;21.12.2022;21.12.2022;;;;trade;;-555.60;DBIT;true;-555.60;0.00;CHF;0.00;0.00;0.00;;Buy;60583d16-95ea-4144-87c4-97aebcb69de8;Investissements;;IE00BYVJRP78;88;-0.84;;;;;;;0.00;0.00
;COMPLETED;21.12.2022;21.12.2022;;;;trade;;-181.87;DBIT;true;-181.87;0.00;CHF;0.00;0.00;0.00;;Buy;d7ab8be3-a49c-4549-a759-ecad94aef29c;Investissements;;CH0368190739;12;-0.14;;;;;;;0.00;0.00
;COMPLETED;21.12.2022;21.12.2022;;;;trade;;-403.06;DBIT;true;-403.06;0.00;CHF;0.00;0.00;0.00;;Buy;03616cdf-0862-4997-97c2-95b93b72d624;Investissements;;IE00BYZTVV78;85;-0.60;;;;;;;0.00;0.00
;COMPLETED;21.12.2022;21.12.2022;;;;trade;;-96.87;DBIT;true;-96.87;0.00;CHF;0.00;0.00;0.00;;Buy;bed49bcf-c108-470f-99d1-7d081eda3a2d;Investissements;;LU1230561679;5;-0.15;;;;;;;0.00;0.00
;COMPLETED;26.12.2022;26.12.2022;;;;cash_transfer;;45.00;CRDT;false;0.00;45.00;CHF;0.00;0.00;0.00;;Income;7b2be83f-b9b5-4c84-8edf-abf8d0532c91;Revenus Financiers;;;0;0.00;;;;;;;0.00;0.00
;COMPLETED;06.01.2023;06.01.2023;;;;selma_fee;;-0.52;DBIT;true;-0.52;0.00;CHF;0.00;0.00;0.00;;Expense;55486aaf-b089-4b92-95d3-9f6251e41562;Frais Bancaires;;;0;0.00;;;;;;;0.00;0.00
;COMPLETED;06.02.2023;06.02.2023;;;;dividend;;0.80;CRDT;false;0.00;0.80;CHF;0.00;0.00;0.00;;Dividend;2f701094-2baf-461c-8d65-e3631b909dc5;Revenus Financiers;;LU1230561679;0;0.00;;;;;;;0.00;0.00
;COMPLETED;07.02.2023;07.02.2023;;;;selma_fee;;-1.52;DBIT;true;-1.52;0.00;CHF;0.00;0.00;0.00;;Expense;72803789-71f9-4bcf-880c-d90db5757306;Frais Bancaires;;;0;0.00;;;;;;;0.00;0.00
;COMPLETED;17.02.2023;17.02.2023;;;;dividend;;2.37;CRDT;false;0.00;2.37;CHF;0.00;0.00;0.00;;Dividend;d631f8ef-a879-40ae-bdcd-644060ece0ca;Revenus Financiers;;IE00BMDX0K95;0;0.00;;;;;;;0.00;0.00
;COMPLETED;06.03.2023;06.03.2023;;;;cash_transfer;;3500.00;CRDT;false;0.00;3500.00;CHF;0.00;0.00;0.00;;Income;d60200b4-5ac5-43c5-b77e-31dc84948e1c;Revenus Financiers;;;0;0.00;;;;;;;0.00;0.00
;COMPLETED;06.03.2023;06.03.2023;;;;trade;;-803.06;DBIT;true;-803.06;0.00;CHF;0.00;0.00;0.00;;Buy;726bbeb2-b922-4bff-b198-dee0405a8072;Investissements;;IE00BYVJRR92;70;-1.21;;;;;;;0.00;0.00
;COMPLETED;06.03.2023;06.03.2023;;;;trade;;-245.34;DBIT;true;-245.34;0.00;CHF;0.00;0.00;0.00;;Buy;b1738224-cb6a-4356-a4ca-ecdd0b05c1bc;Investissements;;CH0368190739;27;-0.18;;;;;;;0.00;0.00
;COMPLETED;06.03.2023;06.03.2023;;;;trade;;-111.36;DBIT;true;-111.36;0.00;CHF;0.00;0.00;0.00;;Buy;a5314bfe-9b65-4533-be50-a5a554889999;Investissements;;CH0106027193;4;-0.08;;;;;;;0.00;0.00
;COMPLETED;06.03.2023;06.03.2023;;;;trade;;-57.51;DBIT;true;-57.51;0.00;CHF;0.00;0.00;0.00;;Buy;145256f7-55be-47a7-b946-a8f585b56c71;Investissements;;CH0183135976;1;-0.04;;;;;;;0.00;0.00
;COMPLETED;06.03.2023;06.03.2023;;;;trade;;-418.34;DBIT;true;-418.34;0.00;CHF;0.00;0.00;0.00;;Buy;e1d4bb82-157d-43a5-bb01-fec3d68e2adb;Investissements;;IE000H3AH951;7;0.00;;;;;;;0.00;0.00
;COMPLETED;06.03.2023;06.03.2023;;;;trade;;-139.85;DBIT;true;-139.85;0.00;CHF;0.00;0.00;0.00;;Buy;44b2fc3b-fe30-4342-8532-d584b84fea6a;Investissements;;LU1230561679;12;-0.21;;;;;;;0.00;0.00
;COMPLETED;06.03.2023;06.03.2023;;;;trade;;-300.38;DBIT;true;-300.38;0.00;CHF;0.00;0.00;0.00;;Buy;42b5b262-2f59-49a3-83f5-efb30f6497f0;Investissements;;IE00B52VJ196;9;-0.45;;;;;;;0.00;0.00
;COMPLETED;06.03.2023;06.03.2023;;;;trade;;-584.81;DBIT;true;-584.81;0.00;CHF;0.00;0.00;0.00;;Buy;ba84fdcd-ad78-4215-8d4a-e2f5c37155ef;Investissements;;IE00BYZTVV78;122;-0.88;;;;;;;0.00;0.00
;COMPLETED;06.03.2023;06.03.2023;;;;trade;;-792.38;DBIT;true;-792.38;0.00;CHF;0.00;0.00;0.00;;Buy;2bb1bd4f-6160-4b86-abf5-e49f02c0aa07;Investissements;;IE00BYVJRP78;210;-1.19;;;;;;;0.00;0.00
;COMPLETED;07.03.2023;07.03.2023;;;;selma_fee;;-1.39;DBIT;true;-1.39;0.00;CHF;0.00;0.00;0.00;;Expense;3008697b-4353-4de4-84ad-e02b73331ee6;Frais Bancaires;;;0;0.00;;;;;;;0.00;0.00
;COMPLETED;10.03.2023;10.03.2023;;;;trade;;-79.31;DBIT;true;-79.31;0.00;CHF;0.00;0.00;0.00;;Buy;4a76582c-ee62-4dbb-8209-547ca2316196;Investissements;;CH0368190739;5;-0.06;;;;;;;0.00;0.00
;COMPLETED;10.03.2023;10.03.2023;;;;trade;;-10.80;DBIT;true;-10.80;0.00;CHF;0.00;0.00;0.00;;Buy;088f12b2-e4ad-4d0f-b42f-2f7a980c4c16;Investissements;;IE00BYVJRR92;1;-0.02;;;;;;;0.00;0.00
;COMPLETED;13.03.2023;13.03.2023;;;;trade;;-19.50;DBIT;true;-19.50;0.00;CHF;0.00;0.00;0.00;;Buy;2ee795b8-1c76-4adf-bd3c-400450959350;Investissements;;LU1230561679;1;-0.03;;;;;;;0.00;0.00
;COMPLETED;27.03.2023;27.03.2023;;;;cash_transfer;;500.00;CRDT;false;0.00;500.00;CHF;0.00;0.00;0.00;;Income;a99e8552-5017-4117-bee9-1086e2a92773;Revenus Financiers;;;0;0.00;;;;;;;0.00;0.00
;COMPLETED;27.03.2023;27.03.2023;;;;trade;;-94.28;DBIT;true;-94.28;0.00;CHF;0.00;0.00;0.00;;Buy;14a51245-675b-4cbf-9d4b-fc2cdef12799;Investissements;;IE000H3AH951;1;0.00;;;;;;;0.00;0.00
;COMPLETED;27.03.2023;27.03.2023;;;;trade;;-24.72;DBIT;true;-24.72;0.00;CHF;0.00;0.00;0.00;;Buy;c44c595a-8ca0-4d1a-aa19-2d1772a40387;Investissements;;IE00BYVJRP78;4;-0.04;;;;;;;0.00;0.00
;COMPLETED;27.03.2023;27.03.2023;;;;trade;;-142.07;DBIT;true;-142.07;0.00;CHF;0.00;0.00;0.00;;Buy;02a73bca-4686-49a9-b323-047dccda003c;Investissements;;IE00BYVJRR92;13;-0.21;;;;;;;0.00;0.00
;COMPLETED;27.03.2023;27.03.2023;;;;trade;;-9.55;DBIT;true;-9.55;0.00;CHF;0.00;0.00;0.00;;Buy;f14b2d79-4f6a-4110-92ba-69f7df485eed;Investissements;;IE00BYZTVV78;2;-0.01;;;;;;;0.00;0.00
;COMPLETED;27.03.2023;27.03.2023;;;;trade;;-58.45;DBIT;true;-58.45;0.00;CHF;0.00;0.00;0.00;;Buy;4231b4ef-22b8-4983-8c14-9b2106c8409e;Investissements;;IE00B52VJ196;1;-0.09;;;;;;;0.00;0.00
;COMPLETED;28.03.2023;28.03.2023;;;;trade;;-12.48;DBIT;true;-12.48;0.00;CHF;0.00;0.00;0.00;;Buy;4cf0ca4e-f88c-476f-b0be-3d77bd693fba;Investissements;;IE00BYVJRP78;2;-0.02;;;;;;;0.00;0.00
;COMPLETED;28.03.2023;28.03.2023;;;;trade;;-39.48;DBIT;true;-39.48;0.00;CHF;0.00;0.00;0.00;;Buy;a01dbeca-07eb-4e6c-bda7-af26f44cc986;Investissements;;LU1230561679;2;-0.06;;;;;;;0.00;0.00
;COMPLETED;28.03.2023;28.03.2023;;;;trade;;-47.15;DBIT;true;-47.15;0.00;CHF;0.00;0.00;0.00;;Buy;eb1a4c1a-64f7-40e3-a5c3-b5c047fbc429;Investissements;;CH0368190739;3;-0.04;;;;;;;0.00;0.00
;COMPLETED;28.03.2023;28.03.2023;;;;cash_transfer;;45.00;CRDT;false;0.00;45.00;CHF;0.00;0.00;0.00;;Income;4e0e75c9-511e-4638-bc2e-cdcacdb7c2dd;Revenus Financiers;;;0;0.00;;;;;;;0.00;0.00
;COMPLETED;29.03.2023;29.03.2023;;;;trade;;-11.04;DBIT;true;-11.04;0.00;CHF;0.00;0.00;0.00;;Buy;75cd03ce-95c1-42c1-8559-f6a9fc32e05a;Investissements;;IE00BYVJRR92;1;-0.02;;;;;;;0.00;0.00
;COMPLETED;30.03.2023;30.03.2023;;;;trade;;-9.66;DBIT;true;-9.66;0.00;CHF;0.00;0.00;0.00;;Buy;b3aad9c6-60e4-4282-bd5c-3b74d9f0ef44;Investissements;;IE00BYZTVV78;2;-0.01;;;;;;;0.00;0.00
;COMPLETED;07.04.2023;07.04.2023;;;;selma_fee;;-3.18;DBIT;true;-3.18;0.00;CHF;0.00;0.00;0.00;;Expense;57e12741-c7eb-4ca1-9cf4-7c42c493720e;Frais Bancaires;;;0;0.00;;;;;;;0.00;0.00
;COMPLETED;28.04.2023;28.04.2023;;;;cash_transfer;;500.00;CRDT;false;0.00;500.00;CHF;0.00;0.00;0.00;;Income;bc289546-c895-407e-96db-d351c5264b81;Revenus Financiers;;;0;0.00;;;;;;;0.00;0.00
;COMPLETED;28.04.2023;28.04.2023;;;;trade;;-57.25;DBIT;true;-57.25;0.00;CHF;0.00;0.00;0.00;;Buy;cf52b6a5-6744-4222-af30-3c9621a19c46;Investissements;;CH0106027193;1;-0.04;;;;;;;0.00;0.00
;COMPLETED;28.04.2023;28.04.2023;;;;trade;;-60.91;DBIT;true;-60.91;0.00;CHF;0.00;0.00;0.00;;Buy;efc1d5c5-18c4-420b-8b86-0cb1412983cc;Investissements;;IE00B52VJ196;1;-0.09;;;;;;;0.00;0.00
;COMPLETED;02.05.2023;02.05.2023;;;;trade;;-110.74;DBIT;true;-110.74;0.00;CHF;0.00;0.00;0.00;;Buy;3c85da64-a82c-4756-88a8-9869ea5ed567;Investissements;;IE00BYVJRR92;10;-0.16;;;;;;;0.00;0.00
;COMPLETED;02.05.2023;02.05.2023;;;;trade;;-129.63;DBIT;true;-129.63;0.00;CHF;0.00;0.00;0.00;;Buy;2b604c90-a567-45ea-8e5f-2670238e351b;Investissements;;IE00BYVJRP78;21;-0.20;;;;;;;0.00;0.00
;COMPLETED;02.05.2023;02.05.2023;;;;trade;;-19.81;DBIT;true;-19.81;0.00;CHF;0.00;0.00;0.00;;Buy;3611fc2f-ce11-4961-a9e3-231539cfa0fc;Investissements;;LU1230561679;1;-0.03;;;;;;;0.00;0.00
;COMPLETED;02.05.2023;02.05.2023;;;;trade;;-16.73;DBIT;true;-16.73;0.00;CHF;0.00;0.00;0.00;;Buy;a086a8b0-8600-451c-b970-18ed0b481b82;Investissements;;CH0368190739;1;-0.01;;;;;;;0.00;0.00
;COMPLETED;02.05.2023;02.05.2023;;;;trade;;-86.02;DBIT;true;-86.02;0.00;CHF;0.00;0.00;0.00;;Buy;d4d472fa-3570-4aca-9269-5ae775d2b8d9;Investissements;;IE00BYZTVV78;18;-0.13;;;;;;;0.00;0.00
;COMPLETED;04.05.2023;04.05.2023;;;;trade;;-95.09;DBIT;true;-95.09;0.00;CHF;0.00;0.00;0.00;;Buy;63619e4b-35c2-4540-97cd-9727bcb0b365;Investissements;;IE000H3AH951;1;0.00;;;;;;;0.00;0.00
;COMPLETED;05.05.2023;05.05.2023;;;;selma_fee;;-3.68;DBIT;true;-3.68;0.00;CHF;0.00;0.00;0.00;;Expense;23cebeec-8926-41d0-b43e-ed9606a22f6d;Frais Bancaires;;;0;0.00;;;;;;;0.00;0.00
;COMPLETED;19.05.2023;19.05.2023;;;;dividend;;8.70;CRDT;false;0.00;8.70;CHF;0.00;0.00;0.00;;Dividend;c7b57f64-b50b-4311-85c9-42b69562d321;Revenus Financiers;;IE00BMDX0K95;0;0.00;;;;;;;0.00;0.00
;COMPLETED;26.05.2023;26.05.2023;;;;cash_transfer;;500.00;CRDT;false;0.00;500.00;CHF;0.00;0.00;0.00;;Income;b7c308fe-29d9-4e3c-8f7c-80a4b50ff6d0;Revenus Financiers;;;0;0.00;;;;;;;0.00;0.00
;COMPLETED;29.05.2023;29.05.2023;;;;trade;;-130.49;DBIT;true;-130.49;0.00;CHF;0.00;0.00;0.00;;Buy;c4bafc39-e2d7-490b-9f78-08c6cb19e797;Investissements;;IE00BYZTVV78;28;-0.19;;;;;;;0.00;0.00
;COMPLETED;30.05.2023;30.05.2023;;;;trade;;-168.04;DBIT;true;-168.04;0.00;CHF;0.00;0.00;0.00;;Buy;b14b5365-192c-4225-b461-c75fff0455cc;Investissements;;IE00BYVJRR92;15;-0.25;;;;;;;0.00;0.00
;COMPLETED;30.05.2023;30.05.2023;;;;trade;;-16.62;DBIT;true;-16.62;0.00;CHF;0.00;0.00;0.00;;Buy;b5139c00-a6c9-4536-8937-8e48a6fdcc11;Investissements;;CH0368190739;1;-0.01;;;;;;;0.00;0.00
;COMPLETED;30.05.2023;30.05.2023;;;;dividend;;8.62;CRDT;false;0.00;8.62;CHF;0.00;0.00;0.00;;Dividend;9aaf7940-f24a-49bb-b7a7-c8c024597003;Revenus Financiers;;IE00BYZTVV78;0;0.00;;;;;;;0.00;0.00
;COMPLETED;07.06.2023;07.06.2023;;;;trade;;-59.77;DBIT;true;-59.77;0.00;CHF;0.00;0.00;0.00;;Buy;ca137f2b-178d-47d9-8e8b-2e5fbe8903dc;Investissements;;IE00B52VJ196;1;-0.09;;;;;;;0.00;0.00
;COMPLETED;07.06.2023;07.06.2023;;;;selma_fee;;-4.10;DBIT;true;-4.10;0.00;CHF;0.00;0.00;0.00;;Expense;1f8d0d59-cfbd-4905-9af0-3d6199dec58e;Frais Bancaires;;;0;0.00;;;;;;;0.00;0.00
;COMPLETED;20.06.2023;20.06.2023;;;;trade;;-38.02;DBIT;true;-38.02;0.00;CHF;0.00;0.00;0.00;;Buy;a5ae20f3-4621-4dfb-bcf0-7c4d619c7250;Investissements;;IE00BYVJRP78;6;-0.05;;;;;;;0.00;0.00
;COMPLETED;26.06.2023;26.06.2023;;;;trade;;-20.16;DBIT;true;-20.16;0.00;CHF;0.00;0.00;0.00;;Buy;3fcb4eea-bcfa-43a0-ad39-0becec68db51;Investissements;;LU1230561679;1;-0.03;;;;;;;0.00;0.00
;COMPLETED;27.06.2023;27.06.2023;;;;cash_transfer;;45.00;CRDT;false;0.00;45.00;CHF;0.00;0.00;0.00;;Income;fa88385e-74a5-4d6b-8842-8fdf8fff3c86;Revenus Financiers;;;0;0.00;;;;;;;0.00;0.00
;COMPLETED;04.07.2023;04.07.2023;;;;trade;;-97.52;DBIT;true;-97.52;0.00;CHF;0.00;0.00;0.00;;Buy;b78afa1d-de18-4ba7-810c-e08beb9b3a1b;Investissements;;IE000H3AH951;1;0.00;;;;;;;0.00;0.00
;COMPLETED;05.07.2023;05.07.2023;;;;cash_transfer;;500.00;CRDT;false;0.00;500.00;CHF;0.00;0.00;0.00;;Income;e020d3cb-28ed-4012-80bc-a5db188de4e4;Revenus Financiers;;;0;0.00;;;;;;;0.00;0.00
;COMPLETED;05.07.2023;05.07.2023;;;;trade;;-55.76;DBIT;true;-55.76;0.00;CHF;0.00;0.00;0.00;;Buy;566c43a4-4aa7-4584-8c5a-4e5445541f86;Investissements;;CH0106027193;1;-0.04;;;;;;;0.00;0.00
;COMPLETED;06.07.2023;06.07.2023;;;;trade;;-64.41;DBIT;true;-64.41;0.00;CHF;0.00;0.00;0.00;;Buy;9fba74fc-1052-4f31-b612-48848cdcb6f4;Investissements;;CH0368190739;4;-0.05;;;;;;;0.00;0.00
;COMPLETED;06.07.2023;06.07.2023;;;;trade;;-35.44;DBIT;true;-35.44;0.00;CHF;0.00;0.00;0.00;;Buy;f7973964-78c0-4bf5-bf45-f908dd40b91c;Investissements;;IE00BYVJRR92;3;-0.05;;;;;;;0.00;0.00
;COMPLETED;06.07.2023;06.07.2023;;;;trade;;-108.18;DBIT;true;-108.18;0.00;CHF;0.00;0.00;0.00;;Buy;c4a6e40e-ac1a-4d01-918d-83870986ad75;Investissements;;IE00BYZTVV78;23;-0.17;;;;;;;0.00;0.00
;COMPLETED;06.07.2023;06.07.2023;;;;trade;;-20.33;DBIT;true;-20.33;0.00;CHF;0.00;0.00;0.00;;Buy;e47234a5-1bbf-45bd-a931-dbd6620ec3b8;Investissements;;LU1230561679;1;-0.03;;;;;;;0.00;0.00
;COMPLETED;06.07.2023;06.07.2023;;;;trade;;-141.81;DBIT;true;-141.81;0.00;CHF;0.00;0.00;0.00;;Buy;f8789b66-9ac9-41d5-8803-04e3ef740b9d;Investissements;;IE00BYVJRP78;23;-0.22;;;;;;;0.00;0.00
;COMPLETED;07.07.2023;07.07.2023;;;;trade;;-58.13;DBIT;true;-58.13;0.00;CHF;0.00;0.00;0.00;;Buy;156959f1-c2a6-4e0e-a94b-e29cf633b8e9;Investissements;;IE00B52VJ196;1;-0.09;;;;;;;0.00;0.00
;COMPLETED;07.07.2023;07.07.2023;;;;selma_fee;;-4.26;DBIT;true;-4.26;0.00;CHF;0.00;0.00;0.00;;Expense;4300fa51-0be4-4642-8d33-f740631b429c;Frais Bancaires;;;0;0.00;;;;;;;0.00;0.00
;COMPLETED;31.07.2023;31.07.2023;;;;cash_transfer;;500.00;CRDT;false;0.00;500.00;CHF;0.00;0.00;0.00;;Income;8583baf6-a32b-46e6-ba39-a231899e1f98;Revenus Financiers;;;0;0.00;;;;;;;0.00;0.00
;COMPLETED;31.07.2023;31.07.2023;;;;trade;;-96.29;DBIT;true;-96.29;0.00;CHF;0.00;0.00;0.00;;Buy;80ef718a-4c8a-491c-a51d-73a6d2531eae;Investissements;;IE000H3AH951;1;0.00;;;;;;;0.00;0.00
;COMPLETED;01.08.2023;01.08.2023;;;;trade;;-51.80;DBIT;true;-51.80;0.00;CHF;0.00;0.00;0.00;;Buy;8a1439f4-3ad0-46f3-8076-b7a679e13a6d;Investissements;;IE00BYVJRP78;8;-0.08;;;;;;;0.00;0.00
;COMPLETED;01.08.2023;01.08.2023;;;;trade;;-143.34;DBIT;true;-143.34;0.00;CHF;0.00;0.00;0.00;;Buy;20fce415-6b7d-42e1-bce2-29821b2c2ff8;Investissements;;IE00BYVJRR92;12;-0.21;;;;;;;0.00;0.00
;COMPLETED;01.08.2023;01.08.2023;;;;trade;;-102.63;DBIT;true;-102.63;0.00;CHF;0.00;0.00;0.00;;Buy;498cba0b-656b-4841-b105-c2973d49a78a;Investissements;;IE00BYZTVV78;22;-0.15;;;;;;;0.00;0.00
;COMPLETED;02.08.2023;02.08.2023;;;;trade;;-32.87;DBIT;true;-32.87;0.00;CHF;0.00;0.00;0.00;;Buy;07637c8b-d734-4281-aa95-50e785244bc4;Investissements;;CH0368190739;2;-0.02;;;;;;;0.00;0.00
;COMPLETED;02.08.2023;02.08.2023;;;;trade;;-19.73;DBIT;true;-19.73;0.00;CHF;0.00;0.00;0.00;;Buy;71bb78a3-aa99-413c-bb2d-9542ec8ffc51;Investissements;;LU1230561679;1;-0.03;;;;;;;0.00;0.00
;COMPLETED;07.08.2023;07.08.2023;;;;selma_fee;;-4.68;DBIT;true;-4.68;0.00;CHF;0.00;0.00;0.00;;Expense;c2ea47f8-2002-4f00-8a59-5659ddec1481;Frais Bancaires;;;0;0.00;;;;;;;0.00;0.00
;COMPLETED;11.08.2023;11.08.2023;;;;dividend;;3.08;CRDT;false;0.00;3.08;CHF;0.00;0.00;0.00;;Dividend;239d0d52-c4e9-4402-81f9-d188c5bcd880;Revenus Financiers;;LU1230561679;0;0.00;;;;;;;0.00;0.00
;COMPLETED;18.08.2023;18.08.2023;;;;dividend;;9.89;CRDT;false;0.00;9.89;CHF;0.00;0.00;0.00;;Dividend;b18a4e56-7daa-49c7-b8ab-d3276f493244;Revenus Financiers;;IE00BMDX0K95;0;0.00;;;;;;;0.00;0.00
;COMPLETED;28.08.2023;28.08.2023;;;;cash_transfer;;500.00;CRDT;false;0.00;500.00;CHF;0.00;0.00;0.00;;Income;1f4483f6-8af5-4c71-b522-36016969f816;Revenus Financiers;;;0;0.00;;;;;;;0.00;0.00
;COMPLETED;28.08.2023;28.08.2023;;;;trade;;-92.20;DBIT;true;-92.20;0.00;CHF;0.00;0.00;0.00;;Buy;0d051a46-2257-40e7-a472-ebb3e5bd5d2b;Investissements;;IE000H3AH951;1;0.00;;;;;;;0.00;0.00
;COMPLETED;28.08.2023;28.08.2023;;;;trade;;-57.78;DBIT;true;-57.78;0.00;CHF;0.00;0.00;0.00;;Buy;35e801ad-7d55-4399-a314-5ba97023e6eb;Investissements;;IE00B52VJ196;1;-0.09;;;;;;;0.00;0.00
;COMPLETED;29.08.2023;29.08.2023;;;;trade;;-81.69;DBIT;true;-81.69;0.00;CHF;0.00;0.00;0.00;;Buy;834bae1a-e118-40f4-a581-64559ff3134d;Investissements;;IE00BYVJRR92;7;-0.12;;;;;;;0.00;0.00
;COMPLETED;29.08.2023;29.08.2023;;;;trade;;-32.32;DBIT;true;-32.32;0.00;CHF;0.00;0.00;0.00;;Buy;c7d05386-142c-42f9-a365-8d4b03fab7cc;Investissements;;CH0368190739;2;-0.02;;;;;;;0.00;0.00
;COMPLETED;29.08.2023;29.08.2023;;;;trade;;-104.12;DBIT;true;-104.12;0.00;CHF;0.00;0.00;0.00;;Buy;47a9bdd2-ad35-4bca-839c-25c72b31bb67;Investissements;;IE00BYVJRP78;17;-0.16;;;;;;;0.00;0.00
;COMPLETED;29.08.2023;29.08.2023;;;;trade;;-162.57;DBIT;true;-162.57;0.00;CHF;0.00;0.00;0.00;;Buy;2206db4e-c045-479f-b5f7-0cdb2cc0f37b;Investissements;;IE00BYZTVV78;35;-0.24;;;;;;;0.00;0.00
;COMPLETED;05.09.2023;05.09.2023;;;;trade;;-19.76;DBIT;true;-19.76;0.00;CHF;0.00;0.00;0.00;;Buy;4e9e1875-f7bf-490d-b3ab-647b4e831c49;Investissements;;LU1230561679;1;-0.03;;;;;;;0.00;0.00
;COMPLETED;07.09.2023;07.09.2023;;;;selma_fee;;-4.95;DBIT;true;-4.95;0.00;CHF;0.00;0.00;0.00;;Expense;8de153f2-4d98-4b12-b453-4aae82c0b9ae;Frais Bancaires;;;0;0.00;;;;;;;0.00;0.00
;COMPLETED;13.09.2023;13.09.2023;;;;dividend;;17.10;CRDT;false;0.00;17.10;CHF;0.00;0.00;0.00;;Dividend;a456936c-4ff9-4d7e-a348-54d2f22b2570;Revenus Financiers;;CH0368190739;0;0.00;;;;;;;0.00;0.00
;COMPLETED;13.09.2023;13.09.2023;;;;dividend;;0.90;CRDT;false;0.00;0.90;CHF;0.00;0.00;0.00;;Dividend;f001d477-cd05-41fd-81da-46093bf274be;Revenus Financiers;;CH0368190739;0;0.00;;;;;;;0.00;0.00
;COMPLETED;13.09.2023;13.09.2023;;;;withholding_tax;;-5.99;DBIT;true;-5.99;0.00;CHF;0.00;0.00;0.00;;;afc709ce-55c2-4fd4-a52b-e21264d561ed;Uncategorized;;CH0368190739;0;0.00;;;;;;;0.00;0.00
;COMPLETED;26.09.2023;26.09.2023;;;;cash_transfer;;45.00;CRDT;false;0.00;45.00;CHF;0.00;0.00;0.00;;Income;4a567c6e-f01f-423c-bc9e-ff7faedf8df9;Revenus Financiers;;;0;0.00;;;;;;;0.00;0.00
;COMPLETED;29.09.2023;29.09.2023;;;;cash_transfer;;500.00;CRDT;false;0.00;500.00;CHF;0.00;0.00;0.00;;Income;ff1c0bfb-1161-4b92-8ca4-ed65ad59fb8a;Revenus Financiers;;;0;0.00;;;;;;;0.00;0.00
;COMPLETED;29.09.2023;29.09.2023;;;;trade;;-57.82;DBIT;true;-57.82;0.00;CHF;0.00;0.00;0.00;;Buy;e706da48-e16b-40b9-9f11-3b19bdcf3e39;Investissements;;IE00B52VJ196;1;-0.09;;;;;;;0.00;0.00
;COMPLETED;29.09.2023;29.09.2023;;;;trade;;-55.18;DBIT;true;-55.18;0.00;CHF;0.00;0.00;0.00;;Buy;51351af6-4559-4a42-82de-fbf4214c1e02;Investissements;;CH0106027193;1;-0.04;;;;;;;0.00;0.00
;COMPLETED;02.10.2023;02.10.2023;;;;trade;;-93.00;DBIT;true;-93.00;0.00;CHF;0.00;0.00;0.00;;Buy;de64c63d-0573-413d-92a9-873af9d1e7c9;Investissements;;IE00BYVJRR92;8;-0.14;;;;;;;0.00;0.00
;COMPLETED;02.10.2023;02.10.2023;;;;trade;;-89.76;DBIT;true;-89.76;0.00;CHF;0.00;0.00;0.00;;Buy;fc169d53-2c37-42b0-8549-4459521dc112;Investissements;;IE00BYVJRP78;15;-0.14;;;;;;;0.00;0.00
;COMPLETED;02.10.2023;02.10.2023;;;;trade;;-62.09;DBIT;true;-62.09;0.00;CHF;0.00;0.00;0.00;;Buy;12c208cf-2f8a-41fe-834a-99a5476fa9c1;Investissements;;CH0368190739;4;-0.05;;;;;;;0.00;0.00
;COMPLETED;02.10.2023;02.10.2023;;;;trade;;-56.30;DBIT;true;-56.30;0.00;CHF;0.00;0.00;0.00;;Buy;a31cd4f6-d9de-4e79-8982-bb22cff0cbdd;Investissements;;IE00BYZTVV78;12;-0.09;;;;;;;0.00;0.00
;COMPLETED;06.10.2023;06.10.2023;;;;trade;;-89.78;DBIT;true;-89.78;0.00;CHF;0.00;0.00;0.00;;Buy;be524f3c-399f-49a9-9e18-5e929e059142;Investissements;;IE000H3AH951;1;0.00;;;;;;;0.00;0.00
;COMPLETED;06.10.2023;06.10.2023;;;;selma_fee;;-5.08;DBIT;true;-5.08;0.00;CHF;0.00;0.00;0.00;;Expense;97d3b6cc-100f-4431-bcbe-bff71d39d6db;Frais Bancaires;;;0;0.00;;;;;;;0.00;0.00
;COMPLETED;25.10.2023;25.10.2023;;;;trade;;-18.57;DBIT;true;-18.57;0.00;CHF;0.00;0.00;0.00;;Buy;50409f37-f89d-485e-8faa-b95b50e0ed00;Investissements;;LU1230561679;1;-0.03;;;;;;;0.00;0.00
;COMPLETED;26.10.2023;26.10.2023;;;;cash_transfer;;500.00;CRDT;false;0.00;500.00;CHF;0.00;0.00;0.00;;Income;9ae044b1-46c4-4a2a-bdf6-1544c44e2856;Revenus Financiers;;;0;0.00;;;;;;;0.00;0.00
;COMPLETED;26.10.2023;26.10.2023;;;;trade;;-54.09;DBIT;true;-54.09;0.00;CHF;0.00;0.00;0.00;;Buy;d8c1ef1a-e256-4fad-aa26-209f8d4dfa1b;Investissements;;IE00B52VJ196;1;-0.09;;;;;;;0.00;0.00
;COMPLETED;30.10.2023;30.10.2023;;;;trade;;-44.87;DBIT;true;-44.87;0.00;CHF;0.00;0.00;0.00;;Buy;d7187f27-5e3e-4c43-ba64-d86646ab3e7a;Investissements;;CH0368190739;3;-0.03;;;;;;;0.00;0.00
;COMPLETED;30.10.2023;30.10.2023;;;;trade;;-92.97;DBIT;true;-92.97;0.00;CHF;0.00;0.00;0.00;;Buy;49208e39-857a-4453-91b0-13f0a29292de;Investissements;;IE00BYVJRP78;16;-0.14;;;;;;;0.00;0.00
;COMPLETED;30.10.2023;30.10.2023;;;;trade;;-32.78;DBIT;true;-32.78;0.00;CHF;0.00;0.00;0.00;;Buy;31ea4255-51cc-4d7e-9c69-fbc1a59eeea6;Investissements;;IE00BYZTVV78;7;-0.05;;;;;;;0.00;0.00
;COMPLETED;30.10.2023;30.10.2023;;;;trade;;-174.58;DBIT;true;-174.58;0.00;CHF;0.00;0.00;0.00;;Buy;a00e25f4-c119-4e68-8698-f9b2180025f6;Investissements;;IE00BYVJRR92;16;-0.26;;;;;;;0.00;0.00
;COMPLETED;30.10.2023;30.10.2023;;;;trade;;-85.00;DBIT;true;-85.00;0.00;CHF;0.00;0.00;0.00;;Buy;e62f44cf-c00e-42f3-ab3a-b9080268015b;Investissements;;IE000H3AH951;1;0.00;;;;;;;0.00;0.00
;COMPLETED;07.11.2023;07.11.2023;;;;selma_fee;;-5.41;DBIT;true;-5.41;0.00;CHF;0.00;0.00;0.00;;Expense;bd382fe6-eb8c-4040-868b-83952bb609c2;Frais Bancaires;;;0;0.00;;;;;;;0.00;0.00
;COMPLETED;15.11.2023;15.11.2023;;;;trade;;-19.34;DBIT;true;-19.34;0.00;CHF;0.00;0.00;0.00;;Buy;34ef9dd2-a794-4b7f-9933-8fff9f07a7a4;Investissements;;LU1230561679;1;-0.03;;;;;;;0.00;0.00
;COMPLETED;17.11.2023;17.11.2023;;;;dividend;;10.38;CRDT;false;0.00;10.38;CHF;0.00;0.00;0.00;;Dividend;086b3380-9f84-47f6-9bb7-fa709dd70f4d;Revenus Financiers;;IE00BMDX0K95;0;0.00;;;;;;;0.00;0.00
;COMPLETED;21.11.2023;21.11.2023;;;;cash_transfer;;0.10;CRDT;false;0.00;0.10;CHF;0.00;0.00;0.00;;Income;38cea881-d0d9-4aaa-b1d0-6d163692bb3e;Revenus Financiers;;;0;0.00;;;;;;;0.00;0.00
;COMPLETED;22.11.2023;22.11.2023;;;;trade;;-74.91;DBIT;true;-74.91;0.00;CHF;0.00;0.00;0.00;;Buy;026e7def-6e36-4e62-b70d-5b6b0ce12bfb;Investissements;;IE00BYZTVV78;16;-0.12;;;;;;;0.00;0.00
;COMPLETED;22.11.2023;22.11.2023;;;;trade;;-6.06;DBIT;true;-6.06;0.00;CHF;0.00;0.00;0.00;;Buy;6d643b3d-5d30-474b-82a4-78c00809b372;Investissements;;IE00BYVJRP78;1;-0.01;;;;;;;0.00;0.00
;COMPLETED;23.11.2023;23.11.2023;;;;cash_transfer;;14331.48;CRDT;false;0.00;14331.48;CHF;0.00;0.00;0.00;;Income;99a7248f-cdd6-470f-be64-86fd2a7cad70;Revenus Financiers;;;0;0.00;;;;;;;0.00;0.00
;COMPLETED;23.11.2023;23.11.2023;;;;trade;;-1249.58;DBIT;true;-1249.58;0.00;CHF;0.00;0.00;0.00;;Buy;f0ee7431-f3c5-4d5c-978d-e2f49f3e6192;Investissements;;IE00B52VJ196;21;-1.88;;;;;;;0.00;0.00
;COMPLETED;23.11.2023;23.11.2023;;;;trade;;-590.89;DBIT;true;-590.89;0.00;CHF;0.00;0.00;0.00;;Buy;107cdb42-38d4-4be8-aecf-25221bcf8177;Investissements;;LU1230561679;30;-0.89;;;;;;;0.00;0.00
;COMPLETED;23.11.2023;23.11.2023;;;;trade;;-1151.36;DBIT;true;-1151.36;0.00;CHF;0.00;0.00;0.00;;Buy;75fedd63-2720-4c97-adf5-587afa2acaac;Investissements;;CH0368190739;73;-0.86;;;;;;;0.00;0.00
;COMPLETED;23.11.2023;23.11.2023;;;;trade;;-181.53;DBIT;true;-181.53;0.00;CHF;0.00;0.00;0.00;;Buy;594a5513-5594-4fd8-928e-ab261ca9e23e;Investissements;;CH0183135976;3;-0.14;;;;;;;0.00;0.00
;COMPLETED;23.11.2023;23.11.2023;;;;trade;;-1714.56;DBIT;true;-1714.56;0.00;CHF;0.00;0.00;0.00;;Buy;50e823a1-2b9e-4fd0-927d-062a9ff3783a;Investissements;;IE000H3AH951;19;0.00;;;;;;;0.00;0.00
;COMPLETED;23.11.2023;23.11.2023;;;;trade;;-566.70;DBIT;true;-566.70;0.00;CHF;0.00;0.00;0.00;;Buy;69b06a48-249a-4857-ad5d-3306be609352;Investissements;;CH0106027193;10;-0.43;;;;;;;0.00;0.00
;COMPLETED;23.11.2023;23.11.2023;;;;trade;;-1460.29;DBIT;true;-1460.29;0.00;CHF;0.00;0.00;0.00;;Buy;d2f0ba60-d4af-4950-8cb7-d51f00e31bb3;Investissements;;IE00BYVJRR92;124;-2.19;;;;;;;0.00;0.00
;COMPLETED;28.11.2023;28.11.2023;;;;trade;;-1913.58;DBIT;true;-1913.58;0.00;CHF;0.00;0.00;0.00;;Buy;d5e7b44e-d036-42a2-8d89-911f35bef393;Investissements;;IE00BYVJRR92;163;-2.87;;;;;;;0.00;0.00
;COMPLETED;28.11.2023;28.11.2023;;;;trade;;-1050.71;DBIT;true;-1050.71;0.00;CHF;0.00;0.00;0.00;;Buy;e09fd51e-9f6d-45e6-8a7a-5a464fe06dd1;Investissements;;IE00BYZTVV78;224;-1.58;;;;;;;0.00;0.00
;COMPLETED;28.11.2023;28.11.2023;;;;trade;;-1189.56;DBIT;true;-1189.56;0.00;CHF;0.00;0.00;0.00;;Buy;34eeacc8-57b2-43f9-a0f9-b623a62431f0;Investissements;;IE00BYVJRP78;198;-1.78;;;;;;;0.00;0.00
;COMPLETED;29.11.2023;29.11.2023;;;;dividend;;19.50;CRDT;false;0.00;19.50;CHF;0.00;0.00;0.00;;Dividend;8b410723-69d1-4c49-b249-2796290e26df;Revenus Financiers;;IE00BYZTVV78;0;0.00;;;;;;;0.00;0.00
;COMPLETED;05.12.2023;05.12.2023;;;;trade;;-19.25;DBIT;true;-19.25;0.00;CHF;0.00;0.00;0.00;;Buy;101e782a-e1f0-4351-84f0-eeffb65428a1;Investissements;;LU1230561679;1;-0.03;;;;;;;0.00;0.00
;COMPLETED;07.12.2023;07.12.2023;;;;selma_fee;;-7.74;DBIT;true;-7.74;0.00;CHF;0.00;0.00;0.00;;Expense;8553ad31-f705-4fee-82a2-3b9f58bc97fa;Frais Bancaires;;;0;0.00;;;;;;;0.00;0.00
;COMPLETED;21.12.2023;21.12.2023;;;;trade;;2747.24;CRDT;false;0.00;2747.24;CHF;0.00;0.00;0.00;;Sell;79318b28-e973-467b-bf9b-8f3ee2e0eaf0;Investissements;;IE00BYZTVV78;596;-4.12;;;;;;;0.00;0.00
;COMPLETED;21.12.2023;21.12.2023;;;;trade;;-4282.10;DBIT;true;-4282.10;0.00;CHF;0.00;0.00;0.00;;Buy;50278237-e74d-4049-8a53-a6913c21b81e;Investissements;;IE00BMDBMP28;952;-6.42;;;;;;;0.00;0.00
;COMPLETED;27.12.2023;27.12.2023;;;;cash_transfer;;500.00;CRDT;false;0.00;500.00;CHF;0.00;0.00;0.00;;Income;e3753338-0af7-41d8-bef0-acdba3c2ac7b;Revenus Financiers;;;0;0.00;;;;;;;0.00;0.00
;COMPLETED;29.12.2023;29.12.2023;;;;trade;;-19.47;DBIT;true;-19.47;0.00;CHF;0.00;0.00;0.00;;Buy;4441514d-29e6-4359-8f85-35e6a64aa307;Investissements;;LU1230561679;1;-0.03;;;;;;;0.00;0.00
;COMPLETED;29.12.2023;29.12.2023;;;;trade;;-47.71;DBIT;true;-47.71;0.00;CHF;0.00;0.00;0.00;;Buy;d88ac34e-1b9f-40d4-8fe5-dd1f9597a774;Investissements;;IE00BYVJRR92;4;-0.08;;;;;;;0.00;0.00
;COMPLETED;29.12.2023;29.12.2023;;;;trade;;-1801.72;DBIT;true;-1801.72;0.00;CHF;0.00;0.00;0.00;;Buy;e56824f0-8026-4fb0-a212-4ffda122d413;Investissements;;IE00BYVJRP78;310;-2.70;;;;;;;0.00;0.00
;COMPLETED;29.12.2023;29.12.2023;;;;trade;;-55.60;DBIT;true;-55.60;0.00;CHF;0.00;0.00;0.00;;Buy;b16cf4b7-987d-4c21-9641-a91cbe70ef22;Investissements;;CH0106027193;1;-0.04;;;;;;;0.00;0.00
;COMPLETED;29.12.2023;29.12.2023;;;;trade;;-49.65;DBIT;true;-49.65;0.00;CHF;0.00;0.00;0.00;;Buy;30c58b13-96ae-4862-9a64-fba449241cee;Investissements;;IE00BMDBMP28;11;-0.07;;;;;;;0.00;0.00
;COMPLETED;03.01.2024;03.01.2024;;;;trade;;-59.30;DBIT;true;-59.30;0.00;CHF;0.00;0.00;0.00;;Buy;64a5b8fa-81ba-4019-84b7-8d16ffd77984;Investissements;;IE00B52VJ196;1;-0.09;;;;;;;0.00;0.00
;COMPLETED;08.01.2024;08.01.2024;;;;selma_fee;;-14.28;DBIT;true;-14.28;0.00;CHF;0.00;0.00;0.00;;Expense;08407f35-0e07-4da4-a3b7-687f1c94c03e;Frais Bancaires;;;0;0.00;;;;;;;0.00;0.00
;COMPLETED;07.02.2024;07.02.2024;;;;dividend;;9.40;CRDT;false;0.00;9.40;CHF;0.00;0.00;0.00;;Dividend;42752adf-5e6f-4d56-ac41-50d5eef88f6a;Revenus Financiers;;LU1230561679;0;0.00;;;;;;;0.00;0.00
;COMPLETED;07.02.2024;07.02.2024;;;;selma_fee;;-14.46;DBIT;true;-14.46;0.00;CHF;0.00;0.00;0.00;;Expense;0b6c3a9b-a616-4ff3-86af-f909e4b6f46c;Frais Bancaires;;;0;0.00;;;;;;;0.00;0.00
;COMPLETED;12.02.2024;12.02.2024;;;;trade;;-16.35;DBIT;true;-16.35;0.00;CHF;0.00;0.00;0.00;;Buy;ac5daa25-813a-4118-9f2c-fa2868615378;Investissements;;CH0368190739;1;-0.01;;;;;;;0.00;0.00
;COMPLETED;16.02.2024;16.02.2024;;;;dividend;;26.62;CRDT;false;0.00;26.62;CHF;0.00;0.00;0.00;;Dividend;9e07ec0f-4235-4149-bfcc-bb3762af5948;Revenus Financiers;;IE00BMDX0K95;0;0.00;;;;;;;0.00;0.00
;COMPLETED;29.02.2024;29.02.2024;;;;cash_transfer;;500.00;CRDT;false;0.00;500.00;CHF;0.00;0.00;0.00;;Income;85623f90-a751-41d4-b9d5-2543e2d5f6c8;Revenus Financiers;;;0;0.00;;;;;;;0.00;0.00
;COMPLETED;05.03.2024;05.03.2024;;;;trade;;-67.17;DBIT;true;-67.17;0.00;CHF;0.00;0.00;0.00;;Buy;fdb1c162-8be1-406b-9f16-ebc5ed86666e;Investissements;;CH0368190739;4;-0.05;;;;;;;0.00;0.00
;COMPLETED;05.03.2024;05.03.2024;;;;trade;;-287.53;DBIT;true;-287.53;0.00;CHF;0.00;0.00;0.00;;Buy;28a6b3b5-9f5f-4db9-bad1-994062d4abef;Investissements;;IE00BYVJRP78;48;-0.44;;;;;;;0.00;0.00
;COMPLETED;05.03.2024;05.03.2024;;;;trade;;-262.70;DBIT;true;-262.70;0.00;CHF;0.00;0.00;0.00;;Buy;ad695b91-53cd-4b3a-b5e9-c6c3662e7efe;Investissements;;IE00BMDBMP28;59;-0.39;;;;;;;0.00;0.00
;COMPLETED;07.03.2024;07.03.2024;;;;selma_fee;;-13.85;DBIT;true;-13.85;0.00;CHF;0.00;0.00;0.00;;Expense;d5e66d59-0c33-439b-a254-1d886e5be332;Frais Bancaires;;;0;0.00;;;;;;;0.00;0.00
;COMPLETED;12.03.2024;12.03.2024;;;;trade;;-25.75;DBIT;true;-25.75;0.00;CHF;0.00;0.00;0.00;;Buy;6d3a4c22-caac-4a7f-8bf7-b29493e55c37;Investissements;;IE00BYVJRR92;2;-0.04;;;;;;;0.00;0.00
;COMPLETED;05.04.2024;05.04.2024;;;;selma_fee;;-15.59;DBIT;true;-15.59;0.00;CHF;0.00;0.00;0.00;;Expense;dce4c840-3471-4309-b603-171d6eb67b07;Frais Bancaires;;;0;0.00;;;;;;;0.00;0.00
;COMPLETED;26.04.2024;26.04.2024;;;;cash_transfer;;500.00;CRDT;false;0.00;500.00;CHF;0.00;0.00;0.00;;Income;9169c09a-e220-420b-886f-67e5a81f6cc2;Revenus Financiers;;;0;0.00;;;;;;;0.00;0.00
;COMPLETED;30.04.2024;30.04.2024;;;;trade;;-66.01;DBIT;true;-66.01;0.00;CHF;0.00;0.00;0.00;;Buy;3b9cf8ee-8028-4f3c-b128-34d1a5d9110c;Investissements;;IE00BYVJRR92;5;-0.10;;;;;;;0.00;0.00
;COMPLETED;30.04.2024;30.04.2024;;;;trade;;-182.32;DBIT;true;-182.32;0.00;CHF;0.00;0.00;0.00;;Buy;d2675e42-4d0f-4472-9713-5904facf411d;Investissements;;IE00BMDBMP28;41;-0.27;;;;;;;0.00;0.00
;COMPLETED;30.04.2024;30.04.2024;;;;trade;;-51.23;DBIT;true;-51.23;0.00;CHF;0.00;0.00;0.00;;Buy;f0901ff4-ac65-4fc6-8e94-65342bc06c75;Investissements;;CH0368190739;3;-0.04;;;;;;;0.00;0.00
;COMPLETED;02.05.2024;02.05.2024;;;;trade;;-6.32;DBIT;true;-6.32;0.00;CHF;0.00;0.00;0.00;;Buy;75e3a2e0-de84-4899-8bcb-20019441185b;Investissements;;IE00BYVJRP78;1;-0.01;;;;;;;0.00;0.00
;COMPLETED;07.05.2024;07.05.2024;;;;selma_fee;;-15.22;DBIT;true;-15.22;0.00;CHF;0.00;0.00;0.00;;Expense;3ab36c38-0e28-4348-9153-4a07c2a86cd7;Frais Bancaires;;;0;0.00;;;;;;;0.00;0.00
;COMPLETED;24.05.2024;24.05.2024;;;;dividend;;33.82;CRDT;false;0.00;33.82;CHF;0.00;0.00;0.00;;Dividend;c18a4421-629a-4a6c-b0dc-2eb42e1f461e;Revenus Financiers;;IE00BMDX0K95;0;0.00;;;;;;;0.00;0.00
;COMPLETED;28.05.2024;28.05.2024;;;;trade;;-97.57;DBIT;true;-97.57;0.00;CHF;0.00;0.00;0.00;;Buy;12b0b709-23bb-4020-a452-35b0aa187ab8;Investissements;;IE000H3AH951;1;0.00;;;;;;;0.00;0.00
;COMPLETED;04.06.2024;04.06.2024;;;;trade;;-76.40;DBIT;true;-76.40;0.00;CHF;0.00;0.00;0.00;;Buy;56f2daf4-41d1-4d80-bbde-3a3a81e8e00e;Investissements;;CH0183135976;1;-0.06;;;;;;;0.00;0.00
;COMPLETED;07.06.2024;07.06.2024;;;;selma_fee;;-16.30;DBIT;true;-16.30;0.00;CHF;0.00;0.00;0.00;;Expense;264de133-8cbf-405b-ae5c-d70ec187c099;Frais Bancaires;;;0;0.00;;;;;;;0.00;0.00
;COMPLETED;12.06.2024;12.06.2024;;;;cash_transfer;;500.00;CRDT;false;0.00;500.00;CHF;0.00;0.00;0.00;;Income;06693d1f-8b11-42a3-b0b7-b351c40f839d;Revenus Financiers;;;0;0.00;;;;;;;0.00;0.00
;COMPLETED;14.06.2024;14.06.2024;;;;trade;;-250.22;DBIT;true;-250.22;0.00;CHF;0.00;0.00;0.00;;Buy;1bfb7c99-cada-447b-b225-0a5508b71156;Investissements;;IE00BMDBMP28;56;-0.38;;;;;;;0.00;0.00
;COMPLETED;14.06.2024;14.06.2024;;;;trade;;-185.54;DBIT;true;-185.54;0.00;CHF;0.00;0.00;0.00;;Buy;b4e3a356-c961-4b69-af74-461e1135ee55;Investissements;;IE00BYVJRR92;14;-0.28;;;;;;;0.00;0.00
;COMPLETED;18.06.2024;18.06.2024;;;;trade;;-18.03;DBIT;true;-18.03;0.00;CHF;0.00;0.00;0.00;;Buy;37d9cf21-cd71-4553-abc2-356b0c15b81a;Investissements;;CH0368190739;1;-0.01;;;;;;;0.00;0.00
;COMPLETED;27.06.2024;27.06.2024;;;;cash_transfer;;500.00;CRDT;false;0.00;500.00;CHF;0.00;0.00;0.00;;Income;0229aea6-d44b-4c47-b9ce-1b312d66edc3;Revenus Financiers;;;0;0.00;;;;;;;0.00;0.00
;COMPLETED;27.06.2024;27.06.2024;;;;trade;;-95.94;DBIT;true;-95.94;0.00;CHF;0.00;0.00;0.00;;Buy;6d8d7f69-b83e-4bee-8441-3fd910a3ccae;Investissements;;IE000H3AH951;1;0.00;;;;;;;0.00;0.00
;COMPLETED;02.07.2024;02.07.2024;;;;trade;;-53.75;DBIT;true;-53.75;0.00;CHF;0.00;0.00;0.00;;Buy;5b904e8d-6d6f-4b48-b0b8-5fe11d8e6806;Investissements;;CH0368190739;3;-0.04;;;;;;;0.00;0.00
;COMPLETED;02.07.2024;02.07.2024;;;;trade;;-133.57;DBIT;true;-133.57;0.00;CHF;0.00;0.00;0.00;;Buy;628c60fa-e933-4ea7-a6a2-4580f4533828;Investissements;;IE00BMDBMP28;30;-0.20;;;;;;;0.00;0.00
;COMPLETED;02.07.2024;02.07.2024;;;;trade;;-107.93;DBIT;true;-107.93;0.00;CHF;0.00;0.00;0.00;;Buy;d8fc7976-6441-4358-b774-1fdadeb634f8;Investissements;;IE00BYVJRR92;8;-0.16;;;;;;;0.00;0.00
;COMPLETED;05.07.2024;05.07.2024;;;;selma_fee;;-15.85;DBIT;true;-15.85;0.00;CHF;0.00;0.00;0.00;;Expense;559f62cf-704d-43d0-b59c-aef6ee2c5e11;Frais Bancaires;;;0;0.00;;;;;;;0.00;0.00
;COMPLETED;12.07.2024;12.07.2024;;;;trade;;-69.78;DBIT;true;-69.78;0.00;CHF;0.00;0.00;0.00;;Buy;0b170ed1-79ac-4eb9-9376-e17c25899ba7;Investissements;;IE00B52VJ196;1;-0.11;;;;;;;0.00;0.00
;COMPLETED;29.07.2024;29.07.2024;;;;cash_transfer;;500.00;CRDT;false;0.00;500.00;CHF;0.00;0.00;0.00;;Income;3dfc73f7-f411-4b17-b381-659b2a0a99d5;Revenus Financiers;;;0;0.00;;;;;;;0.00;0.00
;COMPLETED;30.07.2024;30.07.2024;;;;trade;;-6.33;DBIT;true;-6.33;0.00;CHF;0.00;0.00;0.00;;Buy;b222a0fd-3f13-47ed-8efe-1d53cd20b912;Investissements;;IE00BYVJRP78;1;-0.01;;;;;;;0.00;0.00
;COMPLETED;30.07.2024;30.07.2024;;;;trade;;-71.43;DBIT;true;-71.43;0.00;CHF;0.00;0.00;0.00;;Buy;09bdeb11-38d4-41eb-a087-fbbea6e851a0;Investissements;;CH0183135976;1;-0.05;;;;;;;0.00;0.00
;COMPLETED;30.07.2024;30.07.2024;;;;trade;;-31.60;DBIT;true;-31.60;0.00;CHF;0.00;0.00;0.00;;Buy;03ae2141-33f0-4f9e-ae77-11e6f506b2c7;Investissements;;IE00BMDBMP28;7;-0.05;;;;;;;0.00;0.00
;COMPLETED;30.07.2024;30.07.2024;;;;trade;;-148.97;DBIT;true;-148.97;0.00;CHF;0.00;0.00;0.00;;Buy;136686bd-b926-442d-9bb6-465afde8191c;Investissements;;IE00BYVJRR92;11;-0.22;;;;;;;0.00;0.00
;COMPLETED;30.07.2024;30.07.2024;;;;trade;;-67.38;DBIT;true;-67.38;0.00;CHF;0.00;0.00;0.00;;Buy;d4f0c9b4-87d9-4bf7-bbdd-f258233d557a;Investissements;;IE00B52VJ196;1;-0.11;;;;;;;0.00;0.00
;COMPLETED;06.08.2024;06.08.2024;;;;trade;;-19.28;DBIT;true;-19.28;0.00;CHF;0.00;0.00;0.00;;Buy;647e7f66-b23c-4dd0-ac13-66a95aaf5b0a;Investissements;;LU1230561679;1;-0.03;;;;;;;0.00;0.00
;COMPLETED;07.08.2024;07.08.2024;;;;selma_fee;;-17.12;DBIT;true;-17.12;0.00;CHF;0.00;0.00;0.00;;Expense;776b2cd2-8244-4a95-b10b-838112ebd259;Frais Bancaires;;;0;0.00;;;;;;;0.00;0.00
;COMPLETED;13.08.2024;13.08.2024;;;;dividend;;9.94;CRDT;false;0.00;9.94;CHF;0.00;0.00;0.00;;Dividend;21e91a5a-1c65-41da-88a3-31b67b428c48;Revenus Financiers;;LU1230561679;0;0.00;;;;;;;0.00;0.00
;COMPLETED;14.08.2024;14.08.2024;;;;trade;;-18.15;DBIT;true;-18.15;0.00;CHF;0.00;0.00;0.00;;Buy;2403ed50-b549-4a62-9cf4-fd215312c84a;Investissements;;CH0368190739;1;-0.01;;;;;;;0.00;0.00
;COMPLETED;16.08.2024;16.08.2024;;;;dividend;;29.13;CRDT;false;0.00;29.13;CHF;0.00;0.00;0.00;;Dividend;82d22620-277d-4a09-a751-442ce1a9b1fd;Revenus Financiers;;IE00BMDX0K95;0;0.00;;;;;;;0.00;0.00
;COMPLETED;26.08.2024;26.08.2024;;;;cash_transfer;;1000.00;CRDT;false;0.00;1000.00;CHF;0.00;0.00;0.00;;Income;bb4ef758-7a49-406d-be32-bb6b287eba90;Revenus Financiers;;;0;0.00;;;;;;;0.00;0.00
;COMPLETED;26.08.2024;26.08.2024;;;;trade;;-126.90;DBIT;true;-126.90;0.00;CHF;0.00;0.00;0.00;;Buy;5f0af328-9c86-4989-86cd-7116f61f9857;Investissements;;IE00BMDBMP28;28;-0.19;;;;;;;0.00;0.00
;COMPLETED;26.08.2024;26.08.2024;;;;trade;;-37.24;DBIT;true;-37.24;0.00;CHF;0.00;0.00;0.00;;Buy;2a059f4d-f5d7-4965-99e1-0ce3522e1308;Investissements;;CH0368190739;2;-0.03;;;;;;;0.00;0.00
;COMPLETED;26.08.2024;26.08.2024;;;;trade;;-67.43;DBIT;true;-67.43;0.00;CHF;0.00;0.00;0.00;;Buy;8ede1fa7-973e-4a95-9cc9-7d4c28ccb960;Investissements;;IE00B52VJ196;1;-0.10;;;;;;;0.00;0.00
;COMPLETED;27.08.2024;27.08.2024;;;;trade;;-369.35;DBIT;true;-369.35;0.00;CHF;0.00;0.00;0.00;;Buy;e9486509-a286-40e1-840c-b69e4ce1f4d1;Investissements;;IE00BYVJRR92;28;-0.55;;;;;;;0.00;0.00
;COMPLETED;27.08.2024;27.08.2024;;;;trade;;-200.77;DBIT;true;-200.77;0.00;CHF;0.00;0.00;0.00;;Buy;1fc23023-5658-48bc-8ddb-b8eb33f84cde;Investissements;;IE00BYVJRP78;32;-0.30;;;;;;;0.00;0.00
;COMPLETED;27.08.2024;27.08.2024;;;;trade;;-21.45;DBIT;true;-21.45;0.00;CHF;0.00;0.00;0.00;;Buy;d4c68ab5-b6ac-4c55-aa6a-0163dc39459c;Investissements;;LU1230561679;1;-0.03;;;;;;;0.00;0.00
;COMPLETED;03.09.2024;03.09.2024;;;;trade;;-348.75;DBIT;true;-348.75;0.00;CHF;0.00;0.00;0.00;;Buy;6f1e9638-2d53-4a23-9937-9b050e17a2ec;Investissements;;CH0183135976;5;-0.26;;;;;;;0.00;0.00
;COMPLETED;03.09.2024;03.09.2024;;;;trade;;-72.41;DBIT;true;-72.41;0.00;CHF;0.00;0.00;0.00;;Buy;7be7de7f-115a-4c79-ad49-46b7f5cd181f;Investissements;;IE00BMDBMP28;16;-0.11;;;;;;;0.00;0.00
;COMPLETED;06.09.2024;06.09.2024;;;;selma_fee;;-17.08;DBIT;true;-17.08;0.00;CHF;0.00;0.00;0.00;;Expense;0f99d55e-7393-47ec-871a-6de79a494fd0;Frais Bancaires;;;0;0.00;;;;;;;0.00;0.00
;COMPLETED;10.09.2024;10.09.2024;;;;trade;;295.99;CRDT;false;0.00;295.99;CHF;0.00;0.00;0.00;;Sell;900283a4-3a91-4aee-ae20-83b705ba0eb8;Investissements;;IE00BYVJRR92;23;-0.44;;;;;;;0.00;0.00
;COMPLETED;10.09.2024;10.09.2024;;;;trade;;35.78;CRDT;false;0.00;35.78;CHF;0.00;0.00;0.00;;Sell;820251ff-550c-4a6b-8f4c-728b72c34b69;Investissements;;CH0368190739;2;-0.03;;;;;;;0.00;0.00
;COMPLETED;10.09.2024;10.09.2024;;;;trade;;86.35;CRDT;false;0.00;86.35;CHF;0.00;0.00;0.00;;Sell;057304be-b230-4545-a7dd-866b2c5651e7;Investissements;;IE00BMDBMP28;19;-0.13;;;;;;;0.00;0.00
;COMPLETED;10.09.2024;10.09.2024;;;;trade;;183.60;CRDT;false;0.00;183.60;CHF;0.00;0.00;0.00;;Sell;d824534b-9e53-4535-9d6f-37358547e8bb;Investissements;;IE00BYVJRP78;30;-0.28;;;;;;;0.00;0.00
;COMPLETED;10.09.2024;10.09.2024;;;;trade;;102.85;CRDT;false;0.00;102.85;CHF;0.00;0.00;0.00;;Sell;1380b09a-cbef-4fb3-b987-f3ec94e1bf66;Investissements;;IE000H3AH951;1;-0.15;;;;;;;0.00;0.00
;COMPLETED;10.09.2024;10.09.2024;;;;trade;;-274.12;DBIT;true;-274.12;0.00;CHF;0.00;0.00;0.00;;Buy;0cafafb7-f27a-44db-b010-f63040c9ae16;Investissements;;CH0106027193;4;-0.21;;;;;;;0.00;0.00
;COMPLETED;11.09.2024;11.09.2024;;;;trade;;-65.68;DBIT;true;-65.68;0.00;CHF;0.00;0.00;0.00;;Buy;b41c8eb5-d90c-4125-a51e-a222ae744743;Investissements;;IE00B52VJ196;1;-0.10;;;;;;;0.00;0.00
;COMPLETED;11.09.2024;11.09.2024;;;;dividend;;4.20;CRDT;false;0.00;4.20;CHF;0.00;0.00;0.00;;Dividend;75f1e74a-c7f4-49ca-a92b-dbf8e299e402;Revenus Financiers;;CH0368190739;0;0.00;;;;;;;0.00;0.00
;COMPLETED;11.09.2024;11.09.2024;;;;dividend;;53.20;CRDT;false;0.00;53.20;CHF;0.00;0.00;0.00;;Dividend;59367e2b-a357-4542-a3bc-c24bd738a745;Revenus Financiers;;CH0368190739;0;0.00;;;;;;;0.00;0.00
;COMPLETED;11.09.2024;11.09.2024;;;;withholding_tax;;-18.62;DBIT;true;-18.62;0.00;CHF;0.00;0.00;0.00;;;fc2d0d78-93c5-4792-bf8c-16f9ec7a0212;Uncategorized;;CH0368190739;0;0.00;;;;;;;0.00;0.00
;COMPLETED;01.10.2024;01.10.2024;;;;cash_transfer;;500.00;CRDT;false;0.00;500.00;CHF;0.00;0.00;0.00;;Income;777f0619-c855-4238-b12d-620434a28389;Revenus Financiers;;;0;0.00;;;;;;;0.00;0.00
;COMPLETED;01.10.2024;01.10.2024;;;;trade;;-55.38;DBIT;true;-55.38;0.00;CHF;0.00;0.00;0.00;;Buy;22ee8875-0225-4b6f-a4df-5c5fe81d3d4f;Investissements;;CH0368190739;3;-0.04;;;;;;;0.00;0.00
;COMPLETED;01.10.2024;01.10.2024;;;;trade;;-67.58;DBIT;true;-67.58;0.00;CHF;0.00;0.00;0.00;;Buy;47247954-6128-4f1a-a3e2-c5876140df36;Investissements;;IE00B52VJ196;1;-0.10;;;;;;;0.00;0.00
;COMPLETED;01.10.2024;01.10.2024;;;;trade;;-95.07;DBIT;true;-95.07;0.00;CHF;0.00;0.00;0.00;;Buy;8e0e58c6-8da3-4c6f-8092-69e2ff835197;Investissements;;IE00BYVJRR92;7;-0.14;;;;;;;0.00;0.00
;COMPLETED;01.10.2024;01.10.2024;;;;trade;;-280.02;DBIT;true;-280.02;0.00;CHF;0.00;0.00;0.00;;Buy;5dfe2a50-a68e-41bc-afdc-8253e64444ee;Investissements;;IE00BMDBMP28;61;-0.42;;;;;;;0.00;0.00
;COMPLETED;02.10.2024;02.10.2024;;;;trade;;-13.42;DBIT;true;-13.42;0.00;CHF;0.00;0.00;0.00;;Buy;66114c54-d08e-4795-a669-d7572fb73a2f;Investissements;;IE00BYVJRR92;1;-0.02;;;;;;;0.00;0.00
;COMPLETED;02.10.2024;02.10.2024;;;;trade;;-18.22;DBIT;true;-18.22;0.00;CHF;0.00;0.00;0.00;;Buy;82071bfe-3ca0-4dcb-b248-583b548c7a91;Investissements;;CH0368190739;1;-0.01;;;;;;;0.00;0.00
;COMPLETED;03.10.2024;03.10.2024;;;;trade;;-43.21;DBIT;true;-43.21;0.00;CHF;0.00;0.00;0.00;;Buy;21955c10-02eb-4afe-9f9d-7251b5177f61;Investissements;;LU1230561679;2;-0.06;;;;;;;0.00;0.00
;COMPLETED;03.10.2024;03.10.2024;;;;trade;;-9.15;DBIT;true;-9.15;0.00;CHF;0.00;0.00;0.00;;Buy;14460969-9fa4-4ac1-994f-43dcd0d9fee9;Investissements;;IE00BMDBMP28;2;-0.01;;;;;;;0.00;0.00
;COMPLETED;07.10.2024;07.10.2024;;;;selma_fee;;-17.32;DBIT;true;-17.32;0.00;CHF;0.00;0.00;0.00;;Expense;ed3e00f4-b977-46cf-aa8b-dc9c8719179e;Frais Bancaires;;;0;0.00;;;;;;;0.00;0.00
;COMPLETED;08.10.2024;08.10.2024;;;;trade;;-103.75;DBIT;true;-103.75;0.00;CHF;0.00;0.00;0.00;;Buy;bd9a9d6b-f9ee-433e-9c40-124a8b66fb39;Investissements;;IE000H3AH951;1;-0.15;;;;;;;0.00;0.00
;COMPLETED;10.10.2024;10.10.2024;;;;trade;;-66.91;DBIT;true;-66.91;0.00;CHF;0.00;0.00;0.00;;Buy;d044c11f-f9bd-4948-abe4-db92f2d614fd;Investissements;;IE00B52VJ196;1;-0.10;;;;;;;0.00;0.00
;COMPLETED;04.11.2024;04.11.2024;;;;cash_transfer;;500.00;CRDT;false;0.00;500.00;CHF;0.00;0.00;0.00;;Income;5248bce0-286b-4c0d-8146-7fde6915614f;Revenus Financiers;;;0;0.00;;;;;;;0.00;0.00
;COMPLETED;04.11.2024;04.11.2024;;;;trade;;-86.42;DBIT;true;-86.42;0.00;CHF;0.00;0.00;0.00;;Buy;7ef98209-eb0e-4217-a2ec-7b7623f1eb59;Investissements;;IE00BMDBMP28;19;-0.13;;;;;;;0.00;0.00
;COMPLETED;04.11.2024;04.11.2024;;;;trade;;-64.69;DBIT;true;-64.69;0.00;CHF;0.00;0.00;0.00;;Buy;d5ba028f-2203-4173-864c-a5dd9591c54d;Investissements;;IE00B52VJ196;1;-0.09;;;;;;;0.00;0.00
;COMPLETED;04.11.2024;04.11.2024;;;;trade;;-21.25;DBIT;true;-21.25;0.00;CHF;0.00;0.00;0.00;;Buy;460c256d-b148-46ae-9de9-a88d555dfdf1;Investissements;;LU1230561679;1;-0.03;;;;;;;0.00;0.00
;COMPLETED;04.11.2024;04.11.2024;;;;trade;;-89.23;DBIT;true;-89.23;0.00;CHF;0.00;0.00;0.00;;Buy;28395bf0-b72b-4a68-9603-d77d21e3802b;Investissements;;CH0368190739;5;-0.07;;;;;;;0.00;0.00
;COMPLETED;04.11.2024;04.11.2024;;;;trade;;-101.19;DBIT;true;-101.19;0.00;CHF;0.00;0.00;0.00;;Buy;a5181838-ea3e-4f75-8e47-db31f4c257e8;Investissements;;IE000H3AH951;1;-0.16;;;;;;;0.00;0.00
;COMPLETED;05.11.2024;05.11.2024;;;;trade;;-17.77;DBIT;true;-17.77;0.00;CHF;0.00;0.00;0.00;;Buy;7c7b9ed2-a299-4241-808b-87c2cd4cdd18;Investissements;;CH0368190739;1;-0.01;;;;;;;0.00;0.00
;COMPLETED;05.11.2024;05.11.2024;;;;trade;;-4.55;DBIT;true;-4.55;0.00;CHF;0.00;0.00;0.00;;Buy;de27e1d0-64e4-4e47-b24a-5f1e8ed012a3;Investissements;;IE00BMDBMP28;1;-0.01;;;;;;;0.00;0.00
;COMPLETED;05.11.2024;05.11.2024;;;;trade;;-21.27;DBIT;true;-21.27;0.00;CHF;0.00;0.00;0.00;;Buy;30393451-15b4-40cb-a88f-5380438cbfe7;Investissements;;LU1230561679;1;-0.03;;;;;;;0.00;0.00
;COMPLETED;07.11.2024;07.11.2024;;;;trade;;-64.58;DBIT;true;-64.58;0.00;CHF;0.00;0.00;0.00;;Buy;e0ca763f-182b-4ed5-a00e-47d7a6de7e08;Investissements;;IE00B52VJ196;1;-0.09;;;;;;;0.00;0.00
;COMPLETED;07.11.2024;07.11.2024;;;;selma_fee;;-18.69;DBIT;true;-18.69;0.00;CHF;0.00;0.00;0.00;;Expense;26faba95-2292-46a3-af37-7617b2dcc6bc;Frais Bancaires;;;0;0.00;;;;;;;0.00;0.00
;COMPLETED;13.11.2024;13.11.2024;;;;trade;;-13.32;DBIT;true;-13.32;0.00;CHF;0.00;0.00;0.00;;Buy;ad1e8952-5a55-4e97-ac6c-7a9411d4210d;Investissements;;IE00BYVJRP78;2;-0.02;;;;;;;0.00;0.00
;COMPLETED;13.11.2024;13.11.2024;;;;trade;;511.77;CRDT;false;0.00;511.77;CHF;0.00;0.00;0.00;;Sell;12c484f9-933a-4076-b5ef-3e4842085a5e;Investissements;;IE00BYVJRR92;35;-0.77;;;;;;;0.00;0.00
;COMPLETED;15.11.2024;15.11.2024;;;;trade;;-73.33;DBIT;true;-73.33;0.00;CHF;0.00;0.00;0.00;;Buy;8ceeb01c-eb68-414d-aad7-7b94655c32f0;Investissements;;CH0106027193;1;-0.05;;;;;;;0.00;0.00
;COMPLETED;02.12.2024;02.12.2024;;;;cash_transfer;;500.00;CRDT;false;0.00;500.00;CHF;0.00;0.00;0.00;;Income;de09d2af-24d7-42f7-ae70-a1cde901c1fe;Revenus Financiers;;;0;0.00;;;;;;;0.00;0.00
;COMPLETED;02.12.2024;02.12.2024;;;;trade;;-74.88;DBIT;true;-74.88;0.00;CHF;0.00;0.00;0.00;;Buy;54cf4a78-509b-4841-9414-87d8a3f9873d;Investissements;;IE00BYVJRR92;5;-0.12;;;;;;;0.00;0.00
;COMPLETED;02.12.2024;02.12.2024;;;;trade;;-143.32;DBIT;true;-143.32;0.00;CHF;0.00;0.00;0.00;;Buy;6954603b-d088-4126-a195-e5935a8c6540;Investissements;;IE00BMDBMP28;31;-0.21;;;;;;;0.00;0.00
;COMPLETED;02.12.2024;02.12.2024;;;;trade;;-65.12;DBIT;true;-65.12;0.00;CHF;0.00;0.00;0.00;;Buy;5ffd6e0a-c791-45ab-a493-08dcc1599f88;Investissements;;IE00B52VJ196;1;-0.09;;;;;;;0.00;0.00
;COMPLETED;02.12.2024;02.12.2024;;;;trade;;-124.47;DBIT;true;-124.47;0.00;CHF;0.00;0.00;0.00;;Buy;18039975-eeef-403d-a6ac-4e86859e960f;Investissements;;CH0368190739;7;-0.09;;;;;;;0.00;0.00
;COMPLETED;03.12.2024;03.12.2024;;;;trade;;-13.85;DBIT;true;-13.85;0.00;CHF;0.00;0.00;0.00;;Buy;43c761a2-2bd8-4abc-86bf-bebd3c371dea;Investissements;;IE00BMDBMP28;3;-0.02;;;;;;;0.00;0.00
;COMPLETED;03.12.2024;03.12.2024;;;;trade;;-214.03;DBIT;true;-214.03;0.00;CHF;0.00;0.00;0.00;;Buy;8592a491-371c-43fa-b466-12f43d266028;Investissements;;IE00BYVJRP78;32;-0.32;;;;;;;0.00;0.00
;COMPLETED;06.12.2024;06.12.2024;;;;selma_fee;;-18.39;DBIT;true;-18.39;0.00;CHF;0.00;0.00;0.00;;Expense;5aed5c4a-c5c3-457b-a8de-5174390f0d95;Frais Bancaires;;;0;0.00;;;;;;;0.00;0.00
;COMPLETED;10.12.2024;10.12.2024;;;;trade;;-66.60;DBIT;true;-66.60;0.00;CHF;0.00;0.00;0.00;;Buy;edd9f9fa-2258-4aec-a9cb-cbdf2cb71a70;Investissements;;LU1230561679;3;-0.10;;;;;;;0.00;0.00
;COMPLETED;10.12.2024;10.12.2024;;;;trade;;-103.56;DBIT;true;-103.56;0.00;CHF;0.00;0.00;0.00;;Buy;90cd2321-83bd-4bc2-bd55-c12913c2d9a7;Investissements;;IE000H3AH951;1;-0.16;;;;;;;0.00;0.00
;COMPLETED;10.12.2024;10.12.2024;;;;trade;;-176.12;DBIT;true;-176.12;0.00;CHF;0.00;0.00;0.00;;Buy;22a2daec-2c3f-4b60-af32-3eea88fcea82;Investissements;;CH0368190739;10;-0.13;;;;;;;0.00;0.00
;COMPLETED;23.12.2024;23.12.2024;;;;cash_transfer;;500.00;CRDT;false;0.00;500.00;CHF;0.00;0.00;0.00;;Income;2e54dcf9-00f7-4e6b-80e8-18e26ce8f5df;Revenus Financiers;;;0;0.00;;;;;;;0.00;0.00
;COMPLETED;23.12.2024;23.12.2024;;;;trade;;-99.83;DBIT;true;-99.83;0.00;CHF;0.00;0.00;0.00;;Buy;8ae9f1d4-a71a-4173-bba3-10c44654f7de;Investissements;;IE000H3AH951;1;-0.15;;;;;;;0.00;0.00
;COMPLETED;23.12.2024;23.12.2024;;;;trade;;-51.89;DBIT;true;-51.89;0.00;CHF;0.00;0.00;0.00;;Buy;d8e9ec6d-a74f-4234-8c85-d24849f5e042;Investissements;;CH0368190739;3;-0.04;;;;;;;0.00;0.00
;COMPLETED;23.12.2024;23.12.2024;;;;trade;;-43.45;DBIT;true;-43.45;0.00;CHF;0.00;0.00;0.00;;Buy;bccc1ea2-b356-4931-bcdc-7ff2e6c8e8bd;Investissements;;LU1230561679;2;-0.06;;;;;;;0.00;0.00
;COMPLETED;23.12.2024;23.12.2024;;;;trade;;-190.04;DBIT;true;-190.04;0.00;CHF;0.00;0.00;0.00;;Buy;51622bfd-3f04-4d25-880c-ae39cb0b5c7d;Investissements;;IE00B52VJ196;3;-0.29;;;;;;;0.00;0.00
;COMPLETED;23.12.2024;23.12.2024;;;;trade;;-29.24;DBIT;true;-29.24;0.00;CHF;0.00;0.00;0.00;;Buy;d7862284-5caa-4105-b5b0-d86be75452b1;Investissements;;IE00BYVJRR92;2;-0.04;;;;;;;0.00;0.00
;COMPLETED;27.12.2024;27.12.2024;;;;trade;;-41.20;DBIT;true;-41.20;0.00;CHF;0.00;0.00;0.00;;Buy;9b613abb-fedd-4928-8393-a35c2c27d03f;Investissements;;IE00BMDBMP28;9;-0.06;;;;;;;0.00;0.00
;COMPLETED;27.12.2024;27.12.2024;;;;trade;;-17.41;DBIT;true;-17.41;0.00;CHF;0.00;0.00;0.00;;Buy;6c6f660b-e4bf-4456-a493-540814de305f;Investissements;;CH0368190739;1;-0.01;;;;;;;0.00;0.00
;COMPLETED;27.12.2024;27.12.2024;;;;trade;;-63.66;DBIT;true;-63.66;0.00;CHF;0.00;0.00;0.00;;Buy;0a8e84fc-51b9-41aa-b5eb-2988ed78ed95;Investissements;;IE00B52VJ196;1;-0.09;;;;;;;0.00;0.00
;COMPLETED;08.01.2025;08.01.2025;;;;selma_fee;;-19.46;DBIT;true;-19.46;0.00;CHF;0.00;0.00;0.00;;Expense;8756937f-6aef-4297-b21a-5063acef7973;Frais Bancaires;;;0;0.00;;;;;;;0.00;0.00
;COMPLETED;09.01.2025;09.01.2025;;;;trade;;233.47;CRDT;false;0.00;233.47;CHF;0.00;0.00;0.00;;Sell;e2b42622-addd-4fb1-a70b-c24b6a2c46a8;Investissements;;CH0106027193;3;-0.18;;;;;;;0.00;0.00
;COMPLETED;09.01.2025;09.01.2025;;;;trade;;64.42;CRDT;false;0.00;64.42;CHF;0.00;0.00;0.00;;Sell;61b050b2-08be-4c8d-add9-b507838b8da2;Investissements;;IE00B52VJ196;1;-0.09;;;;;;;0.00;0.00
;COMPLETED;09.01.2025;09.01.2025;;;;trade;;43.97;CRDT;false;0.00;43.97;CHF;0.00;0.00;0.00;;Sell;6cdc94b4-299a-4768-b2e2-10090a6a20dc;Investissements;;IE00BYVJRR92;3;-0.06;;;;;;;0.00;0.00
;COMPLETED;09.01.2025;09.01.2025;;;;trade;;53.34;CRDT;false;0.00;53.34;CHF;0.00;0.00;0.00;;Sell;e6d78034-fcc3-4976-a187-c42795cbb734;Investissements;;CH0368190739;3;-0.04;;;;;;;0.00;0.00
;COMPLETED;09.01.2025;09.01.2025;;;;trade;;79.34;CRDT;false;0.00;79.34;CHF;0.00;0.00;0.00;;Sell;840afcd4-9678-4033-a264-ca01703db409;Investissements;;CH0183135976;1;-0.06;;;;;;;0.00;0.00
;COMPLETED;09.01.2025;09.01.2025;;;;trade;;98.71;CRDT;false;0.00;98.71;CHF;0.00;0.00;0.00;;Sell;b02308d4-bcd2-4c6d-b5da-85477bb56f15;Investissements;;IE00BYVJRP78;15;-0.15;;;;;;;0.00;0.00
;COMPLETED;09.01.2025;09.01.2025;;;;trade;;21.81;CRDT;false;0.00;21.81;CHF;0.00;0.00;0.00;;Sell;8d9888c9-fee8-451a-9314-5e3f450b382e;Investissements;;LU1230561679;1;-0.03;;;;;;;0.00;0.00
;COMPLETED;31.01.2025;31.01.2025;;;;cash_transfer;;500.00;CRDT;false;0.00;500.00;CHF;0.00;0.00;0.00;;Income;52e21cc3-7c1f-45fe-8c5c-81b58ad3dc35;Revenus Financiers;;;0;0.00;;;;;;;0.00;0.00
;COMPLETED;31.01.2025;31.01.2025;;;;trade;;-135.50;DBIT;true;-135.50;0.00;CHF;0.00;0.00;0.00;;Buy;57917fd0-047a-4889-8500-47a0dcede61c;Investissements;;IE00BYVJRP78;20;-0.20;;;;;;;0.00;0.00
;COMPLETED;31.01.2025;31.01.2025;;;;trade;;-23.00;DBIT;true;-23.00;0.00;CHF;0.00;0.00;0.00;;Buy;48c533b9-82bb-4d03-98f7-25b7470a2730;Investissements;;LU1230561679;1;-0.04;;;;;;;0.00;0.00
;COMPLETED;31.01.2025;31.01.2025;;;;trade;;-284.09;DBIT;true;-284.09;0.00;CHF;0.00;0.00;0.00;;Buy;ff4941d9-07d0-4b3d-a60c-944e8a8732a6;Investissements;;IE00BYVJRR92;19;-0.43;;;;;;;0.00;0.00
;COMPLETED;31.01.2025;31.01.2025;;;;trade;;-247.70;DBIT;true;-247.70;0.00;CHF;0.00;0.00;0.00;;Buy;bb720435-fa6f-44db-b22d-784d1e4b6600;Investissements;;IE00BMDBMP28;54;-0.37;;;;;;;0.00;0.00
;COMPLETED;03.02.2025;03.02.2025;;;;trade;;-14.68;DBIT;true;-14.68;0.00;CHF;0.00;0.00;0.00;;Buy;d3cf4399-51ee-4217-82f5-9b4c88725639;Investissements;;IE00BYVJRR92;1;-0.02;;;;;;;0.00;0.00
;COMPLETED;03.02.2025;03.02.2025;;;;trade;;-53.35;DBIT;true;-53.35;0.00;CHF;0.00;0.00;0.00;;Buy;e0538cdf-e1bd-4ceb-b381-ca9d7de13ec5;Investissements;;IE00BYVJRP78;8;-0.08;;;;;;;0.00;0.00
;COMPLETED;07.02.2025;07.02.2025;;;;selma_fee;;-19.75;DBIT;true;-19.75;0.00;CHF;0.00;0.00;0.00;;Expense;d711eb75-0663-4800-b3f5-96d5f1fe3628;Frais Bancaires;;;0;0.00;;;;;;;0.00;0.00
;COMPLETED;12.02.2025;12.02.2025;;;;trade;;-27.53;DBIT;true;-27.53;0.00;CHF;0.00;0.00;0.00;;Buy;a371a8c2-d8a6-4fa8-b79a-b0e1e9cfff57;Investissements;;IE00BMDBMP28;6;-0.04;;;;;;;0.00;0.00
;COMPLETED;12.02.2025;12.02.2025;;;;trade;;-22.38;DBIT;true;-22.38;0.00;CHF;0.00;0.00;0.00;;Buy;22624e6f-2314-497b-adfa-a82485ae8134;Investissements;;LU1230561679;1;-0.04;;;;;;;0.00;0.00
;COMPLETED;12.02.2025;12.02.2025;;;;dividend;;17.38;CRDT;false;0.00;17.38;CHF;0.00;0.00;0.00;;Dividend;1f549f43-0f2f-44a5-a935-b8d13e8952b4;Revenus Financiers;;LU1230561679;0;0.00;;;;;;;0.00;0.00
;COMPLETED;12.02.2025;12.02.2025;;;;dividend;;49.16;CRDT;false;0.00;49.16;CHF;0.00;0.00;0.00;;Dividend;824bee1a-6e49-4394-b500-c28daf0ee296;Revenus Financiers;;IE000H3AH951;0;0.00;;;;;;;0.00;0.00
;COMPLETED;13.02.2025;13.02.2025;;;;trade;;-101.99;DBIT;true;-101.99;0.00;CHF;0.00;0.00;0.00;;Buy;5114a7c5-a1f8-4de0-99cc-6c313ecf4d32;Investissements;;IE000H3AH951;1;-0.15;;;;;;;0.00;0.00
;COMPLETED;18.02.2025;18.02.2025;;;;trade;;730.71;CRDT;false;0.00;730.71;CHF;0.00;0.00;0.00;;Sell;cca4506e-0ce5-429e-8258-0ea35a876426;Investissements;;LU1230561679;32;-1.10;;;;;;;0.00;0.00
;COMPLETED;18.02.2025;18.02.2025;;;;trade;;3941.40;CRDT;false;0.00;3941.40;CHF;0.00;0.00;0.00;;Sell;c1f94a79-6060-46bc-be3a-f058d5c02565;Investissements;;IE000H3AH951;39;-5.91;;;;;;;0.00;0.00
;COMPLETED;18.02.2025;18.02.2025;;;;trade;;366.67;CRDT;false;0.00;366.67;CHF;0.00;0.00;0.00;;Sell;41d5070e-cf4f-4fd5-83f8-33ef864a58e6;Investissements;;IE00BMDBMP28;80;-0.55;;;;;;;0.00;0.00
;COMPLETED;18.02.2025;18.02.2025;;;;trade;;252.40;CRDT;false;0.00;252.40;CHF;0.00;0.00;0.00;;Sell;6e18b6f9-e83e-4173-b098-4f43b3bf5f6b;Investissements;;CH0106027193;3;-0.19;;;;;;;0.00;0.00
;COMPLETED;18.02.2025;18.02.2025;;;;trade;;505.05;CRDT;false;0.00;505.05;CHF;0.00;0.00;0.00;;Sell;1accc402-a079-4110-98be-18dae0bf6b76;Investissements;;CH0183135976;6;-0.38;;;;;;;0.00;0.00
;COMPLETED;18.02.2025;18.02.2025;;;;trade;;3823.09;CRDT;false;0.00;3823.09;CHF;0.00;0.00;0.00;;Sell;163ef064-2c5d-463d-9e90-04b382b9c926;Investissements;;IE00BYVJRR92;259;-5.74;;;;;;;0.00;0.00
;COMPLETED;18.02.2025;18.02.2025;;;;trade;;3057.55;CRDT;false;0.00;3057.55;CHF;0.00;0.00;0.00;;Sell;12c255f9-3c54-4a8c-bbca-d0ac5a5c4904;Investissements;;IE00BYVJRP78;450;-4.59;;;;;;;0.00;0.00
;COMPLETED;18.02.2025;18.02.2025;;;;trade;;1626.23;CRDT;false;0.00;1626.23;CHF;0.00;0.00;0.00;;Sell;87036ca0-42b0-43cf-aca8-1f22d7cb639f;Investissements;;IE00B52VJ196;24;-2.44;;;;;;;0.00;0.00
;COMPLETED;18.02.2025;18.02.2025;;;;trade;;-2316.40;DBIT;true;-2316.40;0.00;CHF;0.00;0.00;0.00;;Buy;2dc05fca-dc7d-4620-99b8-33d56057b27b;Investissements;;CH0105994401;227;-1.74;;;;;;;0.00;0.00
;COMPLETED;19.02.2025;19.02.2025;;;;trade;;-11726.21;DBIT;true;-11726.21;0.00;CHF;0.00;0.00;0.00;;Buy;9dc57aa4-4a74-407b-86d6-bd03542da6cd;Investissements;;CH0368190739;624;-8.79;;;;;;;0.00;0.00
;COMPLETED;26.02.2025;26.02.2025;;;;cash_transfer;;500.00;CRDT;false;0.00;500.00;CHF;0.00;0.00;0.00;;Income;c787da89-9730-43e0-bc49-7add01aa08db;Revenus Financiers;;;0;0.00;;;;;;;0.00;0.00
;COMPLETED;26.02.2025;26.02.2025;;;;trade;;-170.07;DBIT;true;-170.07;0.00;CHF;0.00;0.00;0.00;;Buy;1ac7dbdf-d2d9-4655-a74e-d9d2e5d45f5b;Investissements;;CH0368190739;9;-0.13;;;;;;;0.00;0.00
;COMPLETED;26.02.2025;26.02.2025;;;;trade;;-81.60;DBIT;true;-81.60;0.00;CHF;0.00;0.00;0.00;;Buy;f6a20007-8f64-4ff8-b3af-33370178e546;Investissements;;IE00BYVJRP78;12;-0.13;;;;;;;0.00;0.00
;COMPLETED;26.02.2025;26.02.2025;;;;trade;;-20.27;DBIT;true;-20.27;0.00;CHF;0.00;0.00;0.00;;Buy;6ce8cace-e596-4d43-ad2c-f9fe51b620c2;Investissements;;CH0105994401;2;-0.02;;;;;;;0.00;0.00
;COMPLETED;26.02.2025;26.02.2025;;;;trade;;-41.41;DBIT;true;-41.41;0.00;CHF;0.00;0.00;0.00;;Buy;27faf035-a1fc-4c86-bb3e-26a26dc6a4d3;Investissements;;IE00BMDBMP28;9;-0.06;;;;;;;0.00;0.00
;COMPLETED;27.02.2025;27.02.2025;;;;trade;;-4.60;DBIT;true;-4.60;0.00;CHF;0.00;0.00;0.00;;Buy;16d4dc72-4fa1-4240-b67a-2d192d6e17ed;Investissements;;IE00BMDBMP28;1;-0.01;;;;;;;0.00;0.00
;COMPLETED;27.02.2025;27.02.2025;;;;trade;;-101.82;DBIT;true;-101.82;0.00;CHF;0.00;0.00;0.00;;Buy;16cfdebc-c804-43d2-8a93-145a42ab7633;Investissements;;IE00BYVJRR92;7;-0.15;;;;;;;0.00;0.00
;COMPLETED;27.02.2025;27.02.2025;;;;trade;;-18.74;DBIT;true;-18.74;0.00;CHF;0.00;0.00;0.00;;Buy;27602f58-2b89-4b62-9442-3ad44f949c63;Investissements;;CH0368190739;1;-0.01;;;;;;;0.00;0.00
;COMPLETED;03.03.2025;03.03.2025;;;;trade;;-33.10;DBIT;true;-33.10;0.00;CHF;0.00;0.00;0.00;;Buy;15d277ba-e90b-4c63-b199-c03f503a1616;Investissements;;IE00BYVJRP78;5;-0.05;;;;;;;0.00;0.00
;COMPLETED;05.03.2025;05.03.2025;;;;trade;;-45.15;DBIT;true;-45.15;0.00;CHF;0.00;0.00;0.00;;Buy;6c872f4b-0a42-4812-8462-bfd4f950fecd;Investissements;;LU1230561679;2;-0.07;;;;;;;0.00;0.00
;COMPLETED;07.03.2025;07.03.2025;;;;selma_fee;;-18.40;DBIT;true;-18.40;0.00;CHF;0.00;0.00;0.00;;Expense;43b9adc5-a3f8-47df-b9f0-3e91d398538b;Frais Bancaires;;;0;0.00;;;;;;;0.00;0.00
;COMPLETED;13.03.2025;13.03.2025;;;;dividend;;24.00;CRDT;false;0.00;24.00;CHF;0.00;0.00;0.00;;Dividend;2a2bcdfc-7fbd-4901-b38d-e3db4e11a0b7;Revenus Financiers;;CH0368190739;0;0.00;;;;;;;0.00;0.00
;COMPLETED;13.03.2025;13.03.2025;;;;withholding_tax;;-8.40;DBIT;true;-8.40;0.00;CHF;0.00;0.00;0.00;;;848d3b16-9170-4ce5-94cd-00dd8161ae76;Uncategorized;;CH0368190739;0;0.00;;;;;;;0.00;0.00
;COMPLETED;26.03.2025;26.03.2025;;;;cash_transfer;;500.00;CRDT;false;0.00;500.00;CHF;0.00;0.00;0.00;;Income;1b171884-ccef-4e36-9f6a-0ae6c113aa04;Revenus Financiers;;;0;0.00;;;;;;;0.00;0.00
;COMPLETED;26.03.2025;26.03.2025;;;;trade;;-318.37;DBIT;true;-318.37;0.00;CHF;0.00;0.00;0.00;;Buy;c17e3838-ecae-4f61-bf4a-b3d76432ad49;Investissements;;IE00BMDBMP28;70;-0.48;;;;;;;0.00;0.00
;COMPLETED;26.03.2025;26.03.2025;;;;trade;;-79.28;DBIT;true;-79.28;0.00;CHF;0.00;0.00;0.00;;Buy;75b5073b-61e7-4619-834b-f9125eee538e;Investissements;;IE00BYVJRP78;12;-0.12;;;;;;;0.00;0.00
;COMPLETED;26.03.2025;26.03.2025;;;;trade;;-526.40;DBIT;true;-526.40;0.00;CHF;0.00;0.00;0.00;;Buy;ee9f0639-2d09-4c3d-ac64-dfece8678f0a;Investissements;;IE00BYVJRR92;38;-0.79;;;;;;;0.00;0.00
;COMPLETED;27.03.2025;27.03.2025;;;;trade;;-6.59;DBIT;true;-6.59;0.00;CHF;0.00;0.00;0.00;;Buy;183b9df3-d39b-4d6a-870f-7e5922fb39c1;Investissements;;IE00BYVJRP78;1;-0.01;;;;;;;0.00;0.00
;COMPLETED;31.03.2025;31.03.2025;;;;dividend;;32.00;CRDT;false;0.00;32.00;CHF;0.00;0.00;0.00;;Dividend;9f3a49f0-ed3c-4d87-8c26-ec742403c3c2;Revenus Financiers;;CH0368190739;0;0.00;;;;;;;0.00;0.00
;COMPLETED;31.03.2025;31.03.2025;;;;withholding_tax;;-11.20;DBIT;true;-11.20;0.00;CHF;0.00;0.00;0.00;;;e97c91a6-1f47-45ab-8cbd-5bf0c0d3bc6f;Uncategorized;;CH0368190739;0;0.00;;;;;;;0.00;0.00
;COMPLETED;01.04.2025;01.04.2025;;;;trade;;-13.46;DBIT;true;-13.46;0.00;CHF;0.00;0.00;0.00;;Buy;31590563-e07c-40ac-9448-d456a53edd71;Investissements;;IE00BYVJRR92;1;-0.02;;;;;;;0.00;0.00
;COMPLETED;07.04.2025;07.04.2025;;;;selma_fee;;-20.30;DBIT;true;-20.30;0.00;CHF;0.00;0.00;0.00;;Expense;f2905f11-2e10-4ad9-b705-ebd2a7a668cf;Frais Bancaires;;;0;0.00;;;;;;;0.00;0.00
;COMPLETED;09.04.2025;09.04.2025;;;;trade;;6176.52;CRDT;false;0.00;6176.52;CHF;0.00;0.00;0.00;;Sell;f3be5bdd-8261-4727-a4dd-b22f27f039f9;Investissements;;IE00BMDBMP28;1367;-9.26;;;;;;;0.00;0.00
;COMPLETED;09.04.2025;09.04.2025;;;;trade;;2787.93;CRDT;false;0.00;2787.93;CHF;0.00;0.00;0.00;;Sell;68589d81-63bc-44a1-908c-47a8ee1a0345;Investissements;;IE00BYVJRP78;510;-4.19;;;;;;;0.00;0.00
;COMPLETED;09.04.2025;09.04.2025;;;;trade;;3755.20;CRDT;false;0.00;3755.20;CHF;0.00;0.00;0.00;;Sell;b9f89c82-525b-4491-94bc-7160e68a59b1;Investissements;;IE00BYVJRR92;331;-5.63;;;;;;;0.00;0.00
;COMPLETED;09.04.2025;09.04.2025;;;;trade;;678.56;CRDT;false;0.00;678.56;CHF;0.00;0.00;0.00;;Sell;ef2f3aa2-cca6-4e7d-bf69-e811f8c7a915;Investissements;;LU1230561679;36;-1.02;;;;;;;0.00;0.00
;COMPLETED;09.04.2025;09.04.2025;;;;trade;;1467.84;CRDT;false;0.00;1467.84;CHF;0.00;0.00;0.00;;Sell;d9031a3f-b870-4acd-a21d-63c54d763399;Investissements;;IE00B52VJ196;26;-2.21;;;;;;;0.00;0.00
;COMPLETED;09.04.2025;09.04.2025;;;;trade;;81.61;CRDT;false;0.00;81.61;CHF;0.00;0.00;0.00;;Sell;cec4c7df-e3dd-44c8-a800-886c88e7a63a;Investissements;;CH0106027193;1;-0.06;;;;;;;0.00;0.00
;COMPLETED;09.04.2025;09.04.2025;;;;trade;;12741.35;CRDT;false;0.00;12741.35;CHF;0.00;0.00;0.00;;Sell;58dc3e99-6433-4fb9-876f-9a8b26855c62;Investissements;;CH0368190739;800;-9.56;;;;;;;0.00;0.00
;COMPLETED;09.04.2025;09.04.2025;;;;trade;;235.82;CRDT;false;0.00;235.82;CHF;0.00;0.00;0.00;;Sell;ac786c4e-4c4c-4694-9413-739d62009067;Investissements;;CH0105994401;24;-0.18;;;;;;;0.00;0.00
;COMPLETED;09.04.2025;09.04.2025;;;;trade;;-5406.19;DBIT;true;-5406.19;0.00;CHF;0.00;0.00;0.00;;Buy;22c19532-418d-47e3-a3ea-dd5f34a78747;Investissements;;IE00BK0TB144;1191;-8.11;;;;;;;0.00;0.00
;COMPLETED;09.04.2025;09.04.2025;;;;trade;;-12441.22;DBIT;true;-12441.22;0.00;CHF;0.00;0.00;0.00;;Buy;22ad96e8-bed9-416c-b2e5-3e5593ba182d;Investissements;;CH0131872431;181;-9.33;;;;;;;0.00;0.00
;COMPLETED;09.04.2025;09.04.2025;;;;trade;;-760.93;DBIT;true;-760.93;0.00;CHF;0.00;0.00;0.00;;Buy;150a22a6-0f81-46c3-82ee-1fa925bad907;Investissements;;IE00B1TXHL60;31;-1.14;;;;;;;0.00;0.00
;COMPLETED;09.04.2025;09.04.2025;;;;trade;;-594.47;DBIT;true;-594.47;0.00;CHF;0.00;0.00;0.00;;Buy;74622fed-ac94-4d47-81bc-71f449303ad5;Investissements;;IE00B4L5YX21;14;-0.89;;;;;;;0.00;0.00
;COMPLETED;09.04.2025;09.04.2025;;;;trade;;-3551.40;DBIT;true;-3551.40;0.00;CHF;0.00;0.00;0.00;;Buy;ff139084-b1a2-4b16-a07e-ccfa05f441c3;Investissements;;IE00B3XXRP09;45;-5.33;;;;;;;0.00;0.00
;COMPLETED;09.04.2025;09.04.2025;;;;trade;;-1218.96;DBIT;true;-1218.96;0.00;CHF;0.00;0.00;0.00;;Buy;91740647-5455-4db5-b2c7-b186d2f5468f;Investissements;;DE0002635307;28;-1.82;;;;;;;0.00;0.00
;COMPLETED;09.04.2025;09.04.2025;;;;trade;;-633.04;DBIT;true;-633.04;0.00;CHF;0.00;0.00;0.00;;Buy;5a41d751-89f7-4076-907d-95caf85b5e48;Investissements;;IE00B74DQ490;9;-0.95;;;;;;;0.00;0.00
;COMPLETED;09.04.2025;09.04.2025;;;;trade;;-2705.03;DBIT;true;-2705.03;0.00;CHF;0.00;0.00;0.00;;Buy;e513978c-a87d-4486-9347-ac5a6b5b2470;Investissements;;LU1681045370;647;-4.06;;;;;;;0.00;0.00
;COMPLETED;10.04.2025;10.04.2025;;;;trade;;1275.35;CRDT;false;0.00;1275.35;CHF;0.00;0.00;0.00;;Sell;d00e3a13-1b48-4a54-bb98-4696b08bf8e4;Investissements;;DE0002635307;28;-1.92;;;;;;;0.00;0.00
;COMPLETED;10.04.2025;10.04.2025;;;;trade;;2832.15;CRDT;false;0.00;2832.15;CHF;0.00;0.00;0.00;;Sell;fc35afa9-8cef-448c-aa6c-651572f5a702;Investissements;;LU1681045370;647;-4.25;;;;;;;0.00;0.00
;COMPLETED;10.04.2025;10.04.2025;;;;trade;;641.83;CRDT;false;0.00;641.83;CHF;0.00;0.00;0.00;;Sell;164522f4-1ed2-4268-8a2a-e3bd311d3d73;Investissements;;IE00B74DQ490;9;-0.96;;;;;;;0.00;0.00
;COMPLETED;10.04.2025;10.04.2025;;;;trade;;3839.40;CRDT;false;0.00;3839.40;CHF;0.00;0.00;0.00;;Sell;70146017-4049-40b6-8f61-1b468936a371;Investissements;;IE00B3XXRP09;45;-5.76;;;;;;;0.00;0.00
;COMPLETED;10.04.2025;10.04.2025;;;;trade;;830.67;CRDT;false;0.00;830.67;CHF;0.00;0.00;0.00;;Sell;8d3b2030-b09c-4adb-a980-96eec4616c42;Investissements;;IE00B1TXHL60;31;-1.25;;;;;;;0.00;0.00
;COMPLETED;10.04.2025;10.04.2025;;;;trade;;5442.04;CRDT;false;0.00;5442.04;CHF;0.00;0.00;0.00;;Sell;c933a91d-08a0-4625-99ac-ffe665ed7344;Investissements;;IE00BK0TB144;1191;-8.16;;;;;;;0.00;0.00
;COMPLETED;10.04.2025;10.04.2025;;;;trade;;12984.94;CRDT;false;0.00;12984.94;CHF;0.00;0.00;0.00;;Sell;72b2e7d7-9823-46cc-a451-407da62db2be;Investissements;;CH0131872431;181;-9.74;;;;;;;0.00;0.00
;COMPLETED;10.04.2025;10.04.2025;;;;trade;;621.18;CRDT;false;0.00;621.18;CHF;0.00;0.00;0.00;;Sell;49682182-0a7a-4615-a690-fc8113fe7020;Investissements;;IE00B4L5YX21;14;-0.93;;;;;;;0.00;0.00
;COMPLETED;11.04.2025;11.04.2025;;;;trade;;-5673.58;DBIT;true;-5673.58;0.00;CHF;0.00;0.00;0.00;;Buy;07e2f79f-6bbc-4cf2-a75b-bd7c7d952389;Investissements;;IE00BMDBMP28;1249;-8.51;;;;;;;0.00;0.00
;COMPLETED;11.04.2025;11.04.2025;;;;trade;;-4253.99;DBIT;true;-4253.99;0.00;CHF;0.00;0.00;0.00;;Buy;524e886e-918b-4db9-8a69-887df5f71041;Investissements;;IE00BYVJRR92;364;-6.38;;;;;;;0.00;0.00
;COMPLETED;11.04.2025;11.04.2025;;;;trade;;-3048.09;DBIT;true;-3048.09;0.00;CHF;0.00;0.00;0.00;;Buy;2577fd21-f8d5-4e4e-8de4-9aefb961ce14;Investissements;;IE00BYVJRP78;538;-4.57;;;;;;;0.00;0.00
;COMPLETED;11.04.2025;11.04.2025;;;;trade;;-725.87;DBIT;true;-725.87;0.00;CHF;0.00;0.00;0.00;;Buy;52e2dab3-699d-4e87-97ba-d82826e7e6ee;Investissements;;LU1230561679;38;-1.09;;;;;;;0.00;0.00
;COMPLETED;11.04.2025;11.04.2025;;;;trade;;-13304.46;DBIT;true;-13304.46;0.00;CHF;0.00;0.00;0.00;;Buy;82445614-98e6-4ca1-a340-5e89319f6050;Investissements;;CH0368190739;813;-9.98;;;;;;;0.00;0.00
;COMPLETED;11.04.2025;11.04.2025;;;;trade;;-1392.03;DBIT;true;-1392.03;0.00;CHF;0.00;0.00;0.00;;Buy;a26cee93-3c44-4638-a620-dc3096c17a6a;Investissements;;IE00B52VJ196;24;-2.09;;;;;;;0.00;0.00
;COMPLETED;11.04.2025;11.04.2025;;;;trade;;-73.64;DBIT;true;-73.64;0.00;CHF;0.00;0.00;0.00;;Buy;a77fcd85-3be0-493d-84a1-648586c5973e;Investissements;;CH0183135976;1;-0.06;;;;;;;0.00;0.00
